업체(시설)명,지도점검일자,점검사항,지도점검구분,소재지주소
청와대 제 101 경비단,20171130,폐수배출시설 및 방지시설 정상가동 여부,정기,서울특별시 종로구 궁정동 8-1번지 
혜화카프라자,20171130,폐수배출시설 및 방지시설 정상가동 여부,정기,서울특별시 종로구 명륜1가 32-2번지 
혜화카프라자,20171123,폐수배출시설 및 방지시설 정상가동 여부,정기,서울특별시 종로구 명륜1가 32-2번지 
삼성세차장,20171123,폐수배출시설 및 방지시설 정상가동 여부,정기,서울특별시 종로구 효자동 60-1번지 
세란병원 종합검진센터,20171123,폐수배출시설 및 방지시설 정상가동 여부,정기,서울특별시 종로구 무악동 66-3번지 
세란병원,20171123,폐수배출시설 및 방지시설 정상가동 여부,정기,서울특별시 종로구 무악동 32-2번지 
(주)지에스이앤알 평창주유소,20171123,폐수배출시설 및 방지시설 정상가동 여부,정기,서울특별시 종로구 평창동 80-1번지 
상명대학교,20171123,폐수배출시설 및 방지시설 정상가동 여부,정기,서울특별시 종로구 홍지동 7번지 상명대학교 
국군서울지구병원,20171116,폐수배출시설 및 방지시설 정상가동 여부,정기,서울특별시 종로구 삼청동 25-1번지 
서울적십자 병원,20171116,폐수배출시설 및 방지시설 정상가동 여부,정기,서울특별시 종로구 평동 164번지 
서울대학교 병원,20171108,폐수배출시설 및 방지시설 정상가동 여부,정기,서울특별시 종로구 연건동 28번지 
서울대학교 의과대학,20171108,폐수배출시설 및 방지시설 정상가동 여부,정기,서울특별시 종로구 연건동 28번지 
서울대학교병원 암센터,20171108,폐수배출시설 및 방지시설 정상가동 여부,정기,서울특별시 종로구 연건동 28-21번지 
월드염색,20171102,폐수배출시설 및 방지시설 정상가동 여부,정기,서울특별시 종로구 종로6가 239-29번지 
정원염색,20171102,폐수배출시설 및 방지시설 정상가동 여부,정기,서울특별시 종로구 종로6가 32-5번지 1층 
종로염색,20171102,폐수배출시설 및 방지시설 정상가동 여부,정기,서울특별시 종로구 효제동 197-1번지 
경희대학교 지구환경연구소,20171025,발생폐수 적정보관 및 위탁여부,정기,서울특별시 종로구 권농동 115-3번지 
깨끗한도금,20171025,발생폐수 적정보관 및 위탁여부,정기,서울특별시 종로구 봉익동 14번지 
종로염색,20171018,폐수배출시설 및 방지시설 정상가동 여부,정기,서울특별시 종로구 효제동 197-1번지 
아트섬유,20171018,폐수배출시설 및 방지시설 정상가동 여부,정기,서울특별시 종로구 종로5가 459번지 1층 
성신염색,20171018,폐수배출시설 및 방지시설 정상가동 여부,정기,서울특별시 종로구 종로5가 456-2번지 1층 
정원염색,20171018,폐수배출시설 및 방지시설 정상가동 여부,정기,서울특별시 종로구 종로6가 32-5번지 1층 
진영염색,20171012,폐수배출시설 및 방지시설 정상가동 여부,정기,서울특별시 종로구 종로6가 33-9번지 
태평양염색,20171012,폐수배출시설 및 방지시설 정상가동 여부,정기,서울특별시 종로구 종로5가 444-3번지 1층 
종로염색,20171012,폐수배출시설 및 방지시설 정상가동 여부,정기,서울특별시 종로구 효제동 197-1번지 
대신섬유,20171012,폐수배출시설 및 방지시설 정상가동 여부,정기,서울특별시 종로구 종로6가 32-1번지 
진영염색,20170925,폐수배출시설 및 방지시설 정상가동 여부,정기,서울특별시 종로구 종로6가 33-9번지 
정원염색,20170925,폐수배출시설 및 방지시설 정상가동 여부,정기,서울특별시 종로구 종로6가 32-5번지 1층 
종로염색,20170925,폐수배출시설 및 방지시설 정상가동 여부,정기,서울특별시 종로구 효제동 197-1번지 
한국섬유,20170913,폐수배출시설 및 방지시설 정상가동 여부,정기,서울특별시 종로구 종로5가 460-1번지 
진영염색,20170913,폐수배출시설 및 방지시설 정상가동 여부,정기,서울특별시 종로구 종로6가 33-9번지 
진영염색,20170913,폐수배출시설 및 방지시설 정상가동 여부,정기,서울특별시 종로구 종로6가 33-9번지 
반도염색,20170913,폐수배출시설 및 방지시설 정상가동 여부,정기,서울특별시 종로구 종로6가 97번지 
정원염색,20170913,폐수배출시설 및 방지시설 정상가동 여부,정기,서울특별시 종로구 종로6가 32-5번지 1층 
종로염색,20170907,폐수배출시설 및 방지시설 정상가동 여부,정기,서울특별시 종로구 효제동 197-1번지 
블레스,20170831,무허가 폐수배출시설 점검,수시,서울특별시 종로구 봉익동 7-1번지 
정원염색,20170802,폐수배출시설 및 방지시설 정상가동 여부,정기,서울특별시 종로구 종로6가 32-5번지 1층 
반도염색,20170801,폐수배출시설 및 방지시설 정상가동 여부,정기,서울특별시 종로구 종로6가 97번지 
아트섬유,20170801,폐수배출시설 및 방지시설 정상가동 여부,정기,서울특별시 종로구 종로5가 459번지 1층 
진영염색,20170725,폐수배출시설 및 방지시설 정상가동 여부,정기,서울특별시 종로구 종로6가 33-9번지 
정원염색,20170725,폐수배출시설 및 방지시설 정상가동 여부,정기,서울특별시 종로구 종로6가 32-5번지 1층 
태평양염색,20170725,폐수배출시설 및 방지시설 정상가동 여부,정기,서울특별시 종로구 종로5가 444-3번지 1층 
성신염색,20170725,폐수배출시설 및 방지시설 정상가동 여부,정기,서울특별시 종로구 종로5가 456-2번지 1층 
월드염색,20170713,폐수배출시설 및 방지시설 정상가동 여부,정기,서울특별시 종로구 종로6가 239-29번지 
종로염색,20170713,폐수배출시설 및 방지시설 정상가동 여부,정기,서울특별시 종로구 효제동 197-1번지 
원일문화사,20170628,발생폐수 적정보관 및 위탁여부,정기,서울특별시 종로구 창신동 329-8번지 
동남문화사,20170628,발생폐수 적정보관 및 위탁여부,정기,서울특별시 종로구 창신동 330-24번지 
비젼애드커뮤니케이션,20170628,발생폐수 적정보관 및 위탁여부,정기,서울특별시 종로구 창신동 330-30번지 1층 
백양염색,20170628,폐수배출시설 및 방지시설 정상가동 여부,정기,서울특별시 종로구 창신동 421-1번지 
민쥬얼리,20170627,발생폐수 적정보관 및 위탁여부,정기,서울특별시 종로구 연지동 123번지 
제일기획,20170627,발생폐수 적정보관 및 위탁여부,정기,서울특별시 종로구 묘동 33번지 
케이와이쥬얼리,20170627,발생폐수 적정보관 및 위탁여부,정기,서울특별시 종로구 연지동 125번지 
창신사,20170627,발생폐수 적정보관 및 위탁여부,정기,서울특별시 종로구 묘동 78번지 
와이에이치이골드,20170627,발생폐수 적정보관 및 위탁여부,정기,서울특별시 종로구 묘동 35-1번지 
팔구사,20170627,발생폐수 적정보관 및 위탁여부,정기,서울특별시 종로구 권농동 186번지 
Bevince(베빈스),20170627,발생폐수 적정보관 및 위탁여부,정기,서울특별시 종로구 돈의동 123번지 
미보,20170627,발생폐수 적정보관 및 위탁여부,정기,서울특별시 종로구 묘동 70-1번지 
북악주유소,20170622,폐수배출시설 및 방지시설 정상가동 여부,정기,서울특별시 종로구 평창동 103-1번지 
와이스미스,20170621,발생폐수 적정보관 및 위탁여부,정기,서울특별시 종로구 인의동 50-2번지 
명가메뉴팩처링,20170621,발생폐수 적정보관 및 위탁여부,정기,서울특별시 종로구 원남동 72-2번지 
라모,20170621,발생폐수 적정보관 및 위탁여부,정기,서울특별시 종로구 원남동 277번지 
제이에스쥬얼리,20170621,발생폐수 적정보관 및 위탁여부,정기,서울특별시 종로구 연지동 105번지 
지온 공방,20170621,발생폐수 적정보관 및 위탁여부,정기,서울특별시 종로구 인의동 19번지 
구도일주유소특종,20170608,폐수배출시설 및 방지시설 정상가동 여부,정기,서울특별시 종로구 평창동 198-1번지 
반도염색,20170601,폐수배출시설 및 방지시설 정상가동 여부,정기,서울특별시 종로구 종로6가 97번지 
신광염색,20170601,폐수배출시설 및 방지시설 정상가동 여부,정기,서울특별시 종로구 종로5가 225-19번지 
골드마인,20170531,발생폐수 적정보관 및 위탁여부,정기,서울특별시 종로구 묘동 1번지 
(주)한국금거래소쓰리엠,20170531,발생폐수 적정보관 및 위탁여부,정기,서울특별시 종로구 돈의동 137번지 
골드스미스,20170531,발생폐수 적정보관 및 위탁여부,정기,서울특별시 종로구 봉익동 9-8번지 
새롬 수리방,20170531,발생폐수 적정보관 및 위탁여부,정기,서울특별시 종로구 봉익동 118-1번지 
혜화카프라자,20170530,폐수배출시설 및 방지시설 정상가동 여부,정기,서울특별시 종로구 명륜1가 32-2번지 
한국섬유,20170525,폐수배출시설 및 방지시설 정상가동 여부,정기,서울특별시 종로구 종로5가 460-1번지 
반도염색,20170525,폐수배출시설 및 방지시설 정상가동 여부,정기,서울특별시 종로구 종로6가 97번지 
종로염색,20170525,폐수배출시설 및 방지시설 정상가동 여부,정기,서울특별시 종로구 효제동 197-1번지 
우리염색,20170525,폐수배출시설 및 방지시설 정상가동 여부,정기,서울특별시 종로구 충신동 188-8번지 
선경섬유,20170525,폐수배출시설 및 방지시설 정상가동 여부,정기,서울특별시 종로구 종로5가 460-2번지 
진흥염색,20170525,폐수배출시설 및 방지시설 정상가동 여부,정기,서울특별시 종로구 종로5가 465번지 
월드염색,20170518,폐수배출시설 및 방지시설 정상가동 여부,정기,서울특별시 종로구 종로6가 239-29번지 
(주)두양,20170518,폐수배출시설 및 방지시설 정상가동 여부,정기,서울특별시 종로구 종로6가 240-3번지 
장안기업,20170517,발생폐수 적정보관 및 위탁여부,정기,서울특별시 종로구 돈의동 1번지 
지엔에스,20170517,발생폐수 적정보관 및 위탁여부,정기,서울특별시 종로구 돈의동 50번지 
골드존,20170517,발생폐수 적정보관 및 위탁여부,정기,서울특별시 종로구 돈의동 50번지 
동광기업,20170517,발생폐수 적정보관 및 위탁여부,정기,서울특별시 종로구 익선동 166-29번지 
엠.제이주얼리,20170516,발생폐수 적정보관 및 위탁여부,정기,서울특별시 종로구 연지동 184번지 
유진염색,20170419,폐수배출시설 및 방지시설 정상가동 여부,정기,서울특별시 종로구 종로5가 248-2번지 
인디안염색사,20170419,폐수배출시설 및 방지시설 정상가동 여부,수시,서울특별시 종로구 종로5가 446번지 
성신염색,20170413,폐수배출시설 및 방지시설 정상가동 여부,정기,서울특별시 종로구 종로5가 456-2번지 1층 
아트섬유,20170413,폐수배출시설 및 방지시설 정상가동 여부,정기,서울특별시 종로구 종로5가 459번지 1층 
새하얀,20170412,발생폐수 적정보관 및 위탁여부,정기,서울특별시 종로구 봉익동 11-14번지 
코디도금,20170412,발생폐수 적정보관 및 위탁여부,정기,서울특별시 종로구 봉익동 82번지 
삼화도금,20170412,발생폐수 적정보관 및 위탁여부,정기,서울특별시 종로구 봉익동 100번지 
비가Ⅱ,20170412,발생폐수 적정보관 및 위탁여부,정기,서울특별시 종로구 봉익동 109번지 성보빌딩 202호 
샤인,20170412,발생폐수 적정보관 및 위탁여부,정기,서울특별시 종로구 봉익동 163번지 대광빌딩304 
만금사,20170411,발생폐수 적정보관 및 위탁여부,정기,서울특별시 종로구 봉익동 96-2번지 2층 
골드파트너,20170411,발생폐수 적정보관 및 위탁여부,정기,서울특별시 종로구 봉익동 38-9번지 
명성멕기,20170411,발생폐수 적정보관 및 위탁여부,정기,서울특별시 종로구 봉익동 38-19번지 
종로도금,20170411,발생폐수 적정보관 및 위탁여부,정기,서울특별시 종로구 봉익동 154번지 
이화사,20170411,발생폐수 적정보관 및 위탁여부,정기,서울특별시 종로구 봉익동 162번지 태일빌딩 2층 
금성멕기,20170411,발생폐수 적정보관 및 위탁여부,정기,서울특별시 종로구 봉익동 96-2번지 
반도염색,20170406,폐수배출시설 및 방지시설 정상가동 여부,정기,서울특별시 종로구 종로6가 97번지 
유진염색,20170404,폐수배출시설 및 방지시설 정상가동 여부,정기,서울특별시 종로구 종로5가 248-2번지 
태평양염색,20170404,폐수배출시설 및 방지시설 정상가동 여부,정기,서울특별시 종로구 종로5가 444-3번지 1층 
골든벨,20170403,발생폐수 적정보관 및 위탁여부,정기,서울특별시 종로구 묘동 38번지 2층 
세화사,20170403,발생폐수 적정보관 및 위탁여부,정기,서울특별시 종로구 봉익동 141-1번지 
대성도금,20170403,발생폐수 적정보관 및 위탁여부,정기,서울특별시 종로구 봉익동 153번지 
깨끗한도금,20170403,발생폐수 적정보관 및 위탁여부,정기,서울특별시 종로구 봉익동 14번지 
금미사,20170403,발생폐수 적정보관 및 위탁여부,정기,서울특별시 종로구 봉익동 141-1번지 
수현도금,20170321,발생폐수 적정보관 및 위탁여부,정기,서울특별시 종로구 봉익동 117-2번지 영동빌딩 213호
한양도금,20170314,발생폐수 적정보관 및 위탁여부,정기,서울특별시 종로구 봉익동 116번지 
두리멕기,20170314,발생폐수 적정보관 및 위탁여부,정기,서울특별시 종로구 봉익동 116번지 종로빌딩 202호 
나라도금,20170314,발생폐수 적정보관 및 위탁여부,정기,서울특별시 종로구 봉익동 117-2번지 영동빌딩 308 
(주)티케쥬얼리,20170314,발생폐수 적정보관 및 위탁여부,정기,서울특별시 종로구 연지동 125번지 
인디안염색사,20170307,폐수배출시설 및 방지시설 정상가동 여부,정기,서울특별시 종로구 종로5가 446번지 
유진염색,20170222,조업정지 이행여부 확인 등,수시,서울특별시 종로구 종로5가 248-2번지 
태성도금,20170209,발생폐수 적정보관 및 위탁여부,수시,서울특별시 종로구 권농동 188-2번지 
더원,20170209,발생폐수 적정보관 및 위탁여부,수시,서울특별시 종로구 연지동 59번지 3층 
한성주얼리,20170207,발생폐수 적정보관 및 위탁여부,정기,서울특별시 종로구 익선동 38번지 
나르샤,20170207,발생폐수 적정보관 및 위탁여부,정기,서울특별시 종로구 익선동 108번지 
PREMUS,20170207,발생폐수 적정보관 및 위탁여부,정기,서울특별시 종로구 봉익동 7-1번지 
지케이쥬얼리,20170202,발생폐수 적정보관 및 위탁여부,정기,서울특별시 종로구 묘동 148-1번지 
디컬러(DCOLOR),20170202,발생폐수 적정보관 및 위탁여부,정기,서울특별시 종로구 봉익동 122번지 
리코 주얼리,20170202,발생폐수 적정보관 및 위탁여부,정기,서울특별시 종로구 종로3가 18번지 
보람,20170119,발생폐수 적정보관 및 위탁여부,수시,서울특별시 종로구 봉익동 40-1번지 
서울대학교치과병원,20170118,폐수배출시설 및 방지시설 정상가동 여부,정기,서울특별시 종로구 연건동 275-1번지 
유진염색,20170117,폐수배출시설 및 방지시설 정상가동 여부,정기,서울특별시 종로구 종로5가 248-2번지 
북악주유소,20170102,폐수배출시설 및 방지시설 정상가동 여부,정기,서울특별시 종로구 평창동 103-1번지 
유진염색,20161227,폐수배출시설 및 방지시설 정상가동 여부,정기,서울특별시 종로구 종로5가 248-2번지 
반도염색,20161227,폐수배출시설 및 방지시설 정상가동 여부,정기,서울특별시 종로구 종로6가 97번지 
서울적십자 병원,20161221,폐수배출시설 및 방지시설 정상가동 여부,정기,서울특별시 종로구 평동 164번지 
유진염색,20161214,폐수배출시설 및 방지시설 정상가동 여부,정기,서울특별시 종로구 종로5가 248-2번지 
반도염색,20161214,폐수배출시설 및 방지시설 정상가동 여부,정기,서울특별시 종로구 종로6가 97번지 
태평양염색,20161202,폐수배출시설 및 방지시설 정상가동 여부,정기,서울특별시 종로구 종로5가 444-3번지 1층 
반도염색,20161117,폐수배출시설 및 방지시설 정상가동 여부,정기,서울특별시 종로구 종로6가 97번지 
신아염색,20161103,폐수배출시설 및 방지시설 정상가동 여부,정기,서울특별시 종로구 종로6가 34번지 
서울대학교 간연구소,20161028,발생폐수 적정보관 및 위탁여부,정기,서울특별시 종로구 연건동 28번지 (28-2) 
한국부식,20161026,발생폐수 적정보관 및 위탁여부,수시,서울특별시 종로구 관수동 139번지 
진성기획,20161026,발생폐수 적정보관 및 위탁여부,수시,서울특별시 종로구 관수동 113-2번지 
신미기업,20161026,발생폐수 적정보관 및 위탁여부,수시,서울특별시 종로구 관수동 134-7번지 
청룡부식,20161025,발생폐수 적정보관 및 위탁여부,수시,서울특별시 종로구 관수동 132번지 
현대부식,20161025,발생폐수 적정보관 및 위탁여부,수시,서울특별시 종로구 관수동 44번지 
동현실업,20161025,발생폐수 적정보관 및 위탁여부,수시,서울특별시 종로구 관수동 55번지 
용마,20161025,발생폐수 적정보관 및 위탁여부,수시,서울특별시 종로구 관수동 40번지 
쁘띠,20161025,발생폐수 적정보관 및 위탁여부,수시,서울특별시 종로구 묘동 99-1번지 외 1필지(102-1) 
평화당인쇄(주),20161024,폐수배출시설 및 방지시설 정상가동 여부,정기,서울특별시 종로구 견지동 60번지 
(재)한국의학연구소한국중부의원,20161024,발생폐수 적정보관 및 위탁여부,정기,서울특별시 종로구 당주동 100번지 세종빌딩 1층(107~109호) 
골드스미스,20161006,발생폐수 적정보관 및 위탁여부,정기,서울특별시 종로구 봉익동 9-8번지 
Bevince(베빈스),20161006,발생폐수 적정보관 및 위탁여부,정기,서울특별시 종로구 돈의동 123번지 
의료법인하나로의료재단하나로의원,20161006,발생폐수 적정보관 및 위탁여부,정기,서울특별시 종로구 인사동 194-4번지 
팔구사,20161006,발생폐수 적정보관 및 위탁여부,정기,서울특별시 종로구 권농동 186번지 
유진염색,20161006,폐수배출시설 및 방지시설 정상가동 여부,정기,서울특별시 종로구 종로5가 248-2번지 
알파색채 주식회사,20160929,폐수배출시설 및 방지시설 정상가동 여부,정기,서울특별시 종로구 평창동 283-1번지 
OK카서비스,20160929,폐수배출시설 및 방지시설 정상가동 여부,정기,서울특별시 종로구 평창동 66-32번지 
반도염색,20160928,폐수배출시설 및 방지시설 정상가동 여부,정기,서울특별시 종로구 종로6가 97번지 
유진염색,20160928,폐수배출시설 및 방지시설 정상가동 여부,정기,서울특별시 종로구 종로5가 248-2번지 
아트섬유,20160922,폐수배출시설 및 방지시설 정상가동 여부,정기,서울특별시 종로구 종로5가 459번지 1층 
다래기획,20160921,발생폐수 적정보관 및 위탁여부,정기,서울특별시 종로구 돈의동 154번지 
수암크리스탈,20160921,폐수배출시설 및 방지시설 정상가동 여부,정기,서울특별시 종로구 관수동 134-7번지 
제일염색,20160921,폐수배출시설 및 방지시설 정상가동 여부,정기,서울특별시 종로구 종로5가 225-25번지 1층 
정원염색,20160908,폐수배출시설 및 방지시설 정상가동 여부,정기,서울특별시 종로구 종로6가 32-5번지 1층 
종오섬유,20160908,폐수배출시설 및 방지시설 정상가동 여부,정기,서울특별시 종로구 충신동 206-12번지 
제일염색,20160907,폐수배출시설 및 방지시설 정상가동 여부,정기,서울특별시 종로구 종로5가 225-25번지 1층 
월드염색,20160907,폐수배출시설 및 방지시설 정상가동 여부,정기,서울특별시 종로구 종로6가 239-29번지 
푸른염색,20160907,폐수배출시설 및 방지시설 정상가동 여부,정기,서울특별시 종로구 종로6가 194-5번지 
종로염색,20160811,폐수배출시설 및 방지시설 정상가동 여부,정기,서울특별시 종로구 효제동 197-1번지 
진흥염색,20160811,폐수배출시설 및 방지시설 정상가동 여부,정기,서울특별시 종로구 종로5가 465번지 
정원염색,20160804,폐수배출시설 및 방지시설 정상가동 여부,정기,서울특별시 종로구 종로6가 32-5번지 1층 
반도염색,20160804,폐수배출시설 및 방지시설 정상가동 여부,정기,서울특별시 종로구 종로6가 97번지 
서울적십자 병원,20160803,폐수배출시설 및 방지시설 정상가동 여부,정기,서울특별시 종로구 평동 164번지 
강북삼성병원,20160803,폐수배출시설 및 방지시설 정상가동 여부,정기,서울특별시 종로구 평동 108-1번지 
선경섬유,20160727,폐수배출시설 및 방지시설 정상가동 여부,정기,서울특별시 종로구 종로5가 460-2번지 
삼원염색,20160727,폐수배출시설 및 방지시설 정상가동 여부,정기,서울특별시 종로구 종로5가 484번지 
세란병원 종합검진센터,20160721,폐수배출시설 및 방지시설 정상가동 여부,정기,서울특별시 종로구 무악동 66-3번지 
동원상사,20160720,폐수배출시설 및 방지시설 정상가동 여부,정기,서울특별시 종로구 효제동 204번지 
종로염색,20160720,폐수배출시설 및 방지시설 정상가동 여부,정기,서울특별시 종로구 효제동 197-1번지 
유진염색,20160720,폐수배출시설 및 방지시설 정상가동 여부,정기,서울특별시 종로구 종로5가 248-2번지 
미주염색,20160714,폐수배출시설 및 방지시설 정상가동 여부,정기,서울특별시 종로구 종로6가 98-2번지 
반도염색,20160714,폐수배출시설 및 방지시설 정상가동 여부,정기,서울특별시 종로구 종로6가 97번지 
효제사,20160714,폐수배출시설 및 방지시설 정상가동 여부,정기,서울특별시 종로구 종로6가 238-32번지 
월드염색,20160713,폐수배출시설 및 방지시설 정상가동 여부,정기,서울특별시 종로구 종로6가 239-29번지 
정원염색,20160713,폐수배출시설 및 방지시설 정상가동 여부,정기,서울특별시 종로구 종로6가 32-5번지 1층 
(주)두양,20160713,폐수배출시설 및 방지시설 정상가동 여부,정기,서울특별시 종로구 종로6가 240-3번지 
제일염색,20160707,폐수배출시설 및 방지시설 정상가동 여부,정기,서울특별시 종로구 종로5가 225-25번지 1층 
종암염색,20160707,폐수배출시설 및 방지시설 정상가동 여부,정기,서울특별시 종로구 종로5가 471번지 
신아염색,20160706,폐수배출시설 및 방지시설 정상가동 여부,정기,서울특별시 종로구 종로6가 34번지 
세종종합상사,20160706,폐수배출시설 및 방지시설 정상가동 여부,정기,서울특별시 종로구 돈의동 154번지 
매일기획,20160706,발생폐수 적정보관 및 위탁여부,정기,서울특별시 종로구 와룡동 172-2번지 4층 
중앙염색,20160706,폐수배출시설 및 방지시설 정상가동 여부,정기,서울특별시 종로구 종로5가 447번지 
인디안염색사,20160630,폐수배출시설 및 방지시설 정상가동 여부,정기,서울특별시 종로구 종로5가 446번지 
비젼애드커뮤니케이션,20160630,발생폐수 적정보관 및 위탁여부,정기,서울특별시 종로구 창신동 330-30번지 1층 
원일문화사,20160630,발생폐수 적정보관 및 위탁여부,정기,서울특별시 종로구 창신동 329-8번지 
백양염색,20160630,폐수배출시설 및 방지시설 정상가동 여부,정기,서울특별시 종로구 창신동 421-1번지 
보람,20160629,발생폐수 적정보관 및 위탁여부,수시,서울특별시 종로구 묘동 78번지 
원도금,20160629,발생폐수 적정보관 및 위탁여부,수시,서울특별시 종로구 연지동 59번지 3층 
태성도금,20160629,발생폐수 적정보관 및 위탁여부,수시,서울특별시 종로구 권농동 188-2번지 
협동염색,20160623,폐수배출시설 및 방지시설 정상가동 여부,정기,서울특별시 종로구 종로5가 473번지 
진흥염색,20160623,폐수배출시설 및 방지시설 정상가동 여부,정기,서울특별시 종로구 종로5가 465번지 
유진염색,20160615,폐수배출시설 및 방지시설 정상가동 여부,정기,서울특별시 종로구 종로5가 248-2번지 
진영염색,20160615,폐수배출시설 및 방지시설 정상가동 여부,정기,서울특별시 종로구 종로6가 33-9번지 
서울대학교병원첨단치료개발센터,20160615,폐수배출시설 및 방지시설 정상가동 여부,정기,서울특별시 종로구 연건동 28번지 
서울대학교 암연구소,20160615,폐수배출시설 및 방지시설 정상가동 여부,정기,서울특별시 종로구 연건동 28번지 
진흥염색,20160615,폐수배출시설 및 방지시설 정상가동 여부,정기,서울특별시 종로구 종로5가 465번지 
인디안염색사,20160615,폐수배출시설 및 방지시설 정상가동 여부,정기,서울특별시 종로구 종로5가 446번지 
협동염색,20160615,폐수배출시설 및 방지시설 정상가동 여부,정기,서울특별시 종로구 종로5가 473번지 
삼성세차장,20160614,폐수배출시설 및 방지시설 정상가동 여부,정기,서울특별시 종로구 효자동 60-1번지 
제이에스쥬얼리,20160613,발생폐수 적정보관 및 위탁여부,정기,서울특별시 종로구 연지동 105번지 
와이스미스,20160613,발생폐수 적정보관 및 위탁여부,정기,서울특별시 종로구 인의동 50-2번지 
케이와이쥬얼리,20160613,발생폐수 적정보관 및 위탁여부,정기,서울특별시 종로구 연지동 125번지 
제일사,20160613,발생폐수 적정보관 및 위탁여부,정기,서울특별시 종로구 연지동 184번지 
태평양염색,20160608,폐수배출시설 및 방지시설 정상가동 여부,정기,서울특별시 종로구 종로5가 444-3번지 1층 
종로염색,20160608,폐수배출시설 및 방지시설 정상가동 여부,정기,서울특별시 종로구 효제동 197-1번지 
J.R공방,20160607,발생폐수 적정보관 및 위탁여부,정기,서울특별시 종로구 인의동 48-8번지 
지온 공방,20160607,발생폐수 적정보관 및 위탁여부,정기,서울특별시 종로구 인의동 19번지 
민쥬얼리,20160607,발생폐수 적정보관 및 위탁여부,정기,서울특별시 성북구 길음동 1281번지 
대성섬유,20160526,폐수배출시설 및 방지시설 정상가동 여부,정기,서울특별시 종로구 충신동 207-13번지 
반도염색,20160525,폐수배출시설 및 방지시설 정상가동 여부,정기,서울특별시 종로구 종로6가 97번지 
한국섬유,20160525,폐수배출시설 및 방지시설 정상가동 여부,정기,서울특별시 종로구 종로5가 460-1번지 
세검정셀프세차타운,20160517,폐수배출시설 및 방지시설 정상가동 여부,정기,서울특별시 종로구 부암동 185-1번지 
월드염색,20160512,폐수배출시설 및 방지시설 정상가동 여부,정기,서울특별시 종로구 종로6가 239-29번지 
삼성세차장,20160511,폐수배출시설 및 방지시설 정상가동 여부,정기,서울특별시 종로구 효자동 60-1번지 
미주염색,20160504,폐수배출시설 및 방지시설 정상가동 여부,정기,서울특별시 종로구 종로6가 98-2번지 
미보,20160503,발생폐수 적정보관 및 위탁여부,정기,서울특별시 종로구 묘동 70-1번지 
(주)한국금거래소쓰리엠,20160503,발생폐수 적정보관 및 위탁여부,정기,서울특별시 종로구 묘동 188-1번지 
와이에이치이골드,20160503,발생폐수 적정보관 및 위탁여부,정기,서울특별시 종로구 묘동 35-1번지 
대주페트로(주)종로지점 안풍주유소,20160428,폐수배출시설 및 방지시설 정상가동 여부,정기,서울특별시 종로구 홍지동 126-1번지 
한국섬유,20160427,폐수배출시설 및 방지시설 정상가동 여부,정기,서울특별시 종로구 종로5가 460-1번지 
종암염색,20160427,폐수배출시설 및 방지시설 정상가동 여부,정기,서울특별시 종로구 종로5가 471번지 
성신염색,20160427,폐수배출시설 및 방지시설 정상가동 여부,정기,서울특별시 종로구 종로5가 456-2번지 1층 
골드존,20160426,발생폐수 적정보관 및 위탁여부,정기,서울특별시 종로구 돈의동 50번지 
새하얀,20160426,발생폐수 적정보관 및 위탁여부,수시,서울특별시 종로구 봉익동 11-14번지 
예닮주얼리,20160426,발생폐수 적정보관 및 위탁여부,정기,서울특별시 종로구 와룡동 50-2번지 
골드마인,20160426,발생폐수 적정보관 및 위탁여부,정기,서울특별시 종로구 묘동 1번지 
코크쥬얼리,20160426,발생폐수 적정보관 및 위탁여부,정기,서울특별시 종로구 권농동 187-20번지 
지엔에스,20160426,발생폐수 적정보관 및 위탁여부,정기,서울특별시 종로구 돈의동 50번지 
진영염색,20160421,폐수배출시설 및 방지시설 정상가동 여부,정기,서울특별시 종로구 종로6가 33-9번지 
정원염색,20160421,폐수배출시설 및 방지시설 정상가동 여부,정기,서울특별시 종로구 종로6가 32-5번지 1층 
(주)신풍지퍼,20160421,폐수배출시설 및 방지시설 정상가동 여부,정기,서울특별시 종로구 충신동 69-2번지 
자하문주유소,20160420,폐수배출시설 및 방지시설 정상가동 여부,정기,서울특별시 종로구 부암동 155-3번지 
원도금,20160414,발생폐수 적정보관 및 위탁여부,수시,서울특별시 종로구 연지동 59번지 3층 
보람,20160414,발생폐수 적정보관 및 위탁여부,수시,서울특별시 종로구 묘동 78번지 
혜화카프라자,20160331,폐수배출시설 및 방지시설 정상가동 여부,정기,서울특별시 종로구 명륜1가 32-2번지 
원도금,20160325,발생폐수 적정보관 및 위탁여부,수시,서울특별시 종로구 연지동 59번지 3층 
태평양염색,20160323,폐수배출시설 및 방지시설 정상가동 여부,정기,서울특별시 종로구 종로5가 444-3번지 1층 
태성도금,20160322,발생폐수 적정보관 및 위탁여부,수시,서울특별시 종로구 권농동 188-2번지 
백양염색,20160316,폐수배출시설 및 방지시설 정상가동 여부,정기,서울특별시 종로구 창신동 421-1번지 
또래도금,20160314,발생폐수 적정보관 및 위탁여부,수시,서울특별시 종로구 봉익동 9-1번지 
새하얀,20160314,발생폐수 적정보관 및 위탁여부,수시,서울특별시 종로구 봉익동 40-1번지 
선경도금,20160314,발생폐수 적정보관 및 위탁여부,수시,서울특별시 종로구 봉익동 38-13번지 (2층) 
보람,20160314,발생폐수 적정보관 및 위탁여부,수시,서울특별시 종로구 묘동 78번지 
이태리도금,20160314,발생폐수 적정보관 및 위탁여부,수시,서울특별시 종로구 봉익동 38-9번지 
선도금,20160314,발생폐수 적정보관 및 위탁여부,수시,서울특별시 종로구 봉익동 134번지 
프로방스쥬얼리,20160314,발생폐수 적정보관 및 위탁여부,수시,서울특별시 종로구 봉익동 11-6번지 
샤론도금,20160314,발생폐수 적정보관 및 위탁여부,수시,서울특별시 종로구 봉익동 12-4번지 
유진염색,20160310,폐수배출시설 및 방지시설 정상가동 여부,정기,서울특별시 종로구 종로5가 248-2번지 
인디안염색사,20160310,폐수배출시설 및 방지시설 정상가동 여부,정기,서울특별시 종로구 종로5가 446번지 
중앙염색,20160310,폐수배출시설 및 방지시설 정상가동 여부,정기,서울특별시 종로구 종로5가 447번지 
선경섬유,20160310,폐수배출시설 및 방지시설 정상가동 여부,정기,서울특별시 종로구 종로5가 460-2번지 
태평양염색,20160309,폐수배출시설 및 방지시설 정상가동 여부,정기,서울특별시 종로구 종로5가 444-3번지 1층 
진흥염색,20160309,폐수배출시설 및 방지시설 정상가동 여부,정기,서울특별시 종로구 종로5가 465번지 
성신염색,20160309,폐수배출시설 및 방지시설 정상가동 여부,정기,서울특별시 종로구 종로5가 456-2번지 1층 
협동염색,20160303,발생폐수 적정보관 및 위탁여부,정기,서울특별시 종로구 종로5가 473번지 
한국섬유,20160303,발생폐수 적정보관 및 위탁여부,정기,서울특별시 종로구 종로5가 460-1번지 
삼원염색,20160303,발생폐수 적정보관 및 위탁여부,정기,서울특별시 종로구 종로5가 484번지 
(주)두양,20160303,발생폐수 적정보관 및 위탁여부,정기,서울특별시 종로구 종로6가 240-3번지 
컴퓨터도금,20160302,발생폐수 적정보관 및 위탁여부,정기,서울특별시 종로구 봉익동 117-2번지 301호 
양지사,20160302,발생폐수 적정보관 및 위탁여부,정기,서울특별시 종로구 봉익동 117-2번지 
건후사,20160302,발생폐수 적정보관 및 위탁여부,정기,서울특별시 종로구 봉익동 104번지 
홍콩멕기,20160302,발생폐수 적정보관 및 위탁여부,정기,서울특별시 종로구 묘동 33번지 2층 
덕흥기념사,20160302,발생폐수 적정보관 및 위탁여부,정기,서울특별시 종로구 묘동 30-1번지 
청지,20160302,발생폐수 적정보관 및 위탁여부,정기,서울특별시 종로구 봉익동 118-1번지 
선경섬유,20160225,폐수배출시설 및 방지시설 정상가동 여부,정기,서울특별시 종로구 종로5가 460-2번지 
월드염색,20160225,폐수배출시설 및 방지시설 정상가동 여부,정기,서울특별시 종로구 종로6가 239-29번지 
종암염색,20160225,폐수배출시설 및 방지시설 정상가동 여부,정기,서울특별시 종로구 종로5가 471번지 
신아염색,20160225,폐수배출시설 및 방지시설 정상가동 여부,정기,서울특별시 종로구 종로6가 34번지 
혜화카프라자,20160218,폐수배출시설 및 방지시설 정상가동 여부,정기,서울특별시 종로구 명륜1가 32-2번지 
원도금,20160129,발생폐수 적정보관 및 위탁여부,수시,서울특별시 종로구 연지동 59번지 3층 
서울적십자 병원,20160127,폐수배출시설 및 방지시설 정상가동 여부,정기,서울특별시 종로구 평동 164번지 
또래도금,20160126,발생폐수 적정보관 및 위탁여부,수시,서울특별시 종로구 봉익동 9-1번지 
새하얀,20160126,발생폐수 적정보관 및 위탁여부,수시,서울특별시 종로구 봉익동 40-1번지 
선경도금,20160126,발생폐수 적정보관 및 위탁여부,수시,서울특별시 종로구 봉익동 38-13번지 (2층) 
이태리도금,20160126,발생폐수 적정보관 및 위탁여부,수시,서울특별시 종로구 봉익동 38-9번지 
선도금,20160126,발생폐수 적정보관 및 위탁여부,수시,서울특별시 종로구 봉익동 134번지 
보람,20160126,발생폐수 적정보관 및 위탁여부,수시,서울특별시 종로구 묘동 78번지 
샤론도금,20160126,발생폐수 적정보관 및 위탁여부,수시,서울특별시 종로구 봉익동 12-4번지 
프로방스쥬얼리,20160126,발생폐수 적정보관 및 위탁여부,수시,서울특별시 종로구 봉익동 11-6번지 
청운자동차공업사,20151229,폐수배출시설 및 방지시설 정상가동 여부,정기,서울특별시 종로구 누하동 184-4번지 
원도금,20151229,발생폐수 적정보관 및 위탁여부,수시,서울특별시 종로구 연지동 59번지 3층 
동남문화사,20151229,발생폐수 적정보관 및 위탁여부,정기,서울특별시 종로구 창신동 330-24번지 
청와대 제 101 경비단,20151229,폐수배출시설 및 방지시설 정상가동 여부,정기,서울특별시 종로구 궁정동 8-1번지 
보람,20151222,발생폐수 적정보관 및 위탁여부,수시,서울특별시 종로구 묘동 78번지 
샤론도금,20151222,발생폐수 적정보관 및 위탁여부,수시,서울특별시 종로구 봉익동 12-4번지 
프로방스쥬얼리,20151222,발생폐수 적정보관 및 위탁여부,수시,서울특별시 종로구 봉익동 11-6번지 
또래도금,20151222,발생폐수 적정보관 및 위탁여부,수시,서울특별시 종로구 봉익동 9-1번지 
새하얀,20151222,발생폐수 적정보관 및 위탁여부,수시,서울특별시 종로구 봉익동 40-1번지 
선경도금,20151222,발생폐수 적정보관 및 위탁여부,수시,서울특별시 종로구 봉익동 38-13번지 (2층) 
이태리도금,20151222,발생폐수 적정보관 및 위탁여부,수시,서울특별시 종로구 봉익동 38-9번지 
선도금,20151222,발생폐수 적정보관 및 위탁여부,수시,서울특별시 종로구 봉익동 134번지 
서울적십자 병원,20151217,폐수배출시설 및 방지시설 정상가동 여부,정기,서울특별시 종로구 평동 164번지 
혜화카프라자,20151201,폐수배출시설 및 방지시설 정상가동 여부,정기,서울특별시 종로구 명륜1가 32-2번지 
원도금,20151127,발생폐수 적정보관 및 위탁여부,수시,서울특별시 종로구 연지동 59번지 3층 
럭키주얼리,20151127,발생폐수 적정보관 및 위탁여부,정기,서울특별시 종로구 원남동 277번지 
아트섬유,20151119,폐수배출시설 및 방지시설 정상가동 여부,정기,서울특별시 종로구 종로5가 459번지 1층 
푸른염색,20151119,폐수배출시설 및 방지시설 정상가동 여부,정기,서울특별시 종로구 종로6가 194-5번지 
종오섬유,20151119,폐수배출시설 및 방지시설 정상가동 여부,정기,서울특별시 종로구 충신동 206-12번지 
협동염색,20151119,폐수배출시설 및 방지시설 정상가동 여부,정기,서울특별시 종로구 종로5가 473번지 
선도금,20151117,발생폐수 적정보관 및 위탁여부,수시,서울특별시 종로구 봉익동 134번지 
샤론도금,20151117,발생폐수 적정보관 및 위탁여부,수시,서울특별시 종로구 봉익동 12-4번지 
프로방스쥬얼리,20151117,발생폐수 적정보관 및 위탁여부,수시,서울특별시 종로구 봉익동 11-6번지 
또래도금,20151117,발생폐수 적정보관 및 위탁여부,수시,서울특별시 종로구 봉익동 9-1번지 
새하얀,20151117,발생폐수 적정보관 및 위탁여부,수시,서울특별시 종로구 봉익동 40-1번지 
선경도금,20151117,발생폐수 적정보관 및 위탁여부,수시,서울특별시 종로구 봉익동 38-13번지 (2층) 
보람,20151117,발생폐수 적정보관 및 위탁여부,수시,서울특별시 종로구 묘동 78번지 
이태리도금,20151117,발생폐수 적정보관 및 위탁여부,수시,서울특별시 종로구 봉익동 38-9번지 
국군서울지구병원,20151105,폐수배출시설 및 방지시설 정상가동 여부,정기,서울특별시 종로구 삼청동 25-1번지 
세란병원,20151105,폐수배출시설 및 방지시설 정상가동 여부,정기,서울특별시 종로구 무악동 32-2번지 
특종주유소,20151104,폐수배출시설 및 방지시설 정상가동 여부,정기,서울특별시 종로구 평창동 198-1번지 
원도금,20151029,발생폐수 적정보관 및 위탁여부,수시,서울특별시 종로구 연지동 59번지 3층 
북악주유소,20151022,폐수배출시설 및 방지시설 정상가동 여부,정기,서울특별시 종로구 평창동 103-1번지 
새하얀,20151021,발생폐수 적정보관 및 위탁여부,수시,서울특별시 종로구 봉익동 40-1번지 
선경도금,20151021,발생폐수 적정보관 및 위탁여부,수시,서울특별시 종로구 봉익동 38-13번지 (2층) 
이태리도금,20151021,발생폐수 적정보관 및 위탁여부,수시,서울특별시 종로구 봉익동 38-9번지 
선도금,20151021,발생폐수 적정보관 및 위탁여부,수시,서울특별시 종로구 봉익동 134번지 
명경주유소,20151020,폐수배출시설 및 방지시설 정상가동 여부,정기,서울특별시 종로구 평창동 80-1번지 
보람,20151008,발생폐수 적정보관 및 위탁여부,수시,서울특별시 종로구 묘동 78번지 
블레스,20151008,발생폐수 적정보관 및 위탁여부,정기,서울특별시 종로구 봉익동 11-14번지 
샤론도금,20151008,발생폐수 적정보관 및 위탁여부,수시,서울특별시 종로구 봉익동 12-4번지 
프로방스쥬얼리,20151008,발생폐수 적정보관 및 위탁여부,수시,서울특별시 종로구 봉익동 11-6번지 
또래도금,20151008,발생폐수 적정보관 및 위탁여부,수시,서울특별시 종로구 봉익동 9-1번지 
원도금,20150917,발생폐수 적정보관 및 위탁여부,수시,서울특별시 종로구 연지동 59번지 3층 
서울대학교치과병원,20150916,폐수배출시설 및 방지시설 정상가동 여부,정기,서울특별시 종로구 연건동 275-1번지 
푸른염색,20150916,폐수배출시설 및 방지시설 정상가동 여부,정기,서울특별시 종로구 종로6가 194-5번지 
서울대학교 치의학대학원,20150916,폐수배출시설 및 방지시설 정상가동 여부,정기,서울특별시 종로구 연건동 28-21번지 
서울대학교 의과대학,20150916,폐수배출시설 및 방지시설 정상가동 여부,정기,서울특별시 종로구 연건동 28번지 
서울대학교 병원,20150916,폐수배출시설 및 방지시설 정상가동 여부,정기,서울특별시 종로구 연건동 28번지 
서울대학교 병원,20150916,폐수배출시설 및 방지시설 정상가동 여부,정기,서울특별시 종로구 연건동 28번지 
서울대학교병원 암센터,20150916,폐수배출시설 및 방지시설 정상가동 여부,정기,서울특별시 종로구 연건동 28-21번지 
서울대학교병원첨단치료개발센터,20150916,폐수배출시설 및 방지시설 정상가동 여부,정기,서울특별시 종로구 연건동 28번지 
선도금,20150914,발생폐수 적정보관 및 위탁여부,수시,서울특별시 종로구 봉익동 134번지 
샤론도금,20150914,발생폐수 적정보관 및 위탁여부,수시,서울특별시 종로구 봉익동 12-4번지 
프로방스쥬얼리,20150914,발생폐수 적정보관 및 위탁여부,수시,서울특별시 종로구 봉익동 11-6번지 
또래도금,20150914,발생폐수 적정보관 및 위탁여부,수시,서울특별시 종로구 봉익동 9-1번지 
새하얀,20150914,발생폐수 적정보관 및 위탁여부,수시,서울특별시 종로구 봉익동 40-1번지 
선경도금,20150914,발생폐수 적정보관 및 위탁여부,수시,서울특별시 종로구 봉익동 38-13번지 (2층) 
보람,20150914,발생폐수 적정보관 및 위탁여부,수시,서울특별시 종로구 묘동 78번지 
이태리도금,20150914,발생폐수 적정보관 및 위탁여부,수시,서울특별시 종로구 봉익동 38-9번지 
우리염색,20150910,폐수배출시설 및 방지시설 정상가동 여부,정기,서울특별시 종로구 충신동 188-8번지 
한국섬유,20150910,폐수배출시설 및 방지시설 정상가동 여부,정기,서울특별시 종로구 종로5가 460-1번지 
종오섬유,20150910,폐수배출시설 및 방지시설 정상가동 여부,정기,서울특별시 종로구 충신동 206-12번지 
(주)신풍지퍼,20150910,폐수배출시설 및 방지시설 정상가동 여부,정기,서울특별시 종로구 충신동 69-2번지 
대성섬유,20150910,폐수배출시설 및 방지시설 정상가동 여부,정기,서울특별시 종로구 충신동 207-13번지 
진흥염색,20150910,폐수배출시설 및 방지시설 정상가동 여부,정기,서울특별시 종로구 종로5가 465번지 
신미기업,20150908,발생폐수 적정보관 및 위탁여부,정기,서울특별시 종로구 관수동 134-7번지 
용마,20150908,발생폐수 적정보관 및 위탁여부,정기,서울특별시 종로구 관수동 40번지 
예원기획,20150908,발생폐수 적정보관 및 위탁여부,정기,서울특별시 종로구 관수동 39-2번지 
금호부식,20150908,발생폐수 적정보관 및 위탁여부,정기,서울특별시 종로구 관수동 75번지 
청룡부식,20150908,발생폐수 적정보관 및 위탁여부,정기,서울특별시 종로구 관수동 132번지 
태영,20150904,발생폐수 적정보관 및 위탁여부,정기,서울특별시 종로구 관수동 39-3번지 
종로공예사,20150904,발생폐수 적정보관 및 위탁여부,정기,서울특별시 종로구 관수동 79-1번지 
토탈싸인성수아트,20150904,발생폐수 적정보관 및 위탁여부,정기,서울특별시 종로구 관수동 77-1번지 
현대부식,20150904,발생폐수 적정보관 및 위탁여부,정기,서울특별시 종로구 관수동 44번지 
보라기업,20150904,발생폐수 적정보관 및 위탁여부,정기,서울특별시 종로구 관수동 21-9번지 
백양염색,20150827,폐수배출시설 및 방지시설 정상가동 여부,정기,서울특별시 종로구 창신동 421-1번지 
미주염색,20150827,폐수배출시설 및 방지시설 정상가동 여부,정기,서울특별시 종로구 종로6가 98-2번지 
세일염색,20150827,폐수배출시설 및 방지시설 정상가동 여부,정기,서울특별시 종로구 종로5가 460-2번지 
정원염색,20150827,폐수배출시설 및 방지시설 정상가동 여부,정기,서울특별시 종로구 종로6가 32-5번지 1층 
삼원염색,20150827,폐수배출시설 및 방지시설 정상가동 여부,정기,서울특별시 종로구 종로5가 484번지 
인디안염색사,20150827,폐수배출시설 및 방지시설 정상가동 여부,정기,서울특별시 종로구 종로5가 446번지 
원도금,20150825,발생폐수 적정보관 및 위탁여부,수시,서울특별시 종로구 연지동 59번지 3층 
중앙염색,20150812,폐수배출시설 및 방지시설 정상가동 여부,정기,서울특별시 종로구 종로5가 447번지 
인디안염색사,20150812,폐수배출시설 및 방지시설 정상가동 여부,정기,서울특별시 종로구 종로5가 446번지 
삼원염색,20150812,폐수배출시설 및 방지시설 정상가동 여부,정기,서울특별시 종로구 종로5가 484번지 
신아염색,20150812,폐수배출시설 및 방지시설 정상가동 여부,정기,서울특별시 종로구 종로6가 34번지 
협동염색,20150812,폐수배출시설 및 방지시설 정상가동 여부,정기,서울특별시 종로구 종로5가 473번지 
선경도금,20150811,발생폐수 적정보관 및 위탁여부,수시,서울특별시 종로구 봉익동 38-13번지 (2층) 
보람,20150811,발생폐수 적정보관 및 위탁여부,수시,서울특별시 종로구 묘동 78번지 
이태리도금,20150811,발생폐수 적정보관 및 위탁여부,수시,서울특별시 종로구 봉익동 38-9번지 
선도금,20150811,발생폐수 적정보관 및 위탁여부,수시,서울특별시 종로구 봉익동 134번지 
샤론도금,20150811,발생폐수 적정보관 및 위탁여부,수시,서울특별시 종로구 봉익동 12-4번지 
프로방스쥬얼리,20150811,발생폐수 적정보관 및 위탁여부,수시,서울특별시 종로구 봉익동 11-6번지 
또래도금,20150811,발생폐수 적정보관 및 위탁여부,수시,서울특별시 종로구 봉익동 9-1번지 
새하얀,20150811,발생폐수 적정보관 및 위탁여부,수시,서울특별시 종로구 봉익동 40-1번지 
미주염색,20150721,폐수배출시설 및 방지시설 정상가동 여부,정기,서울특별시 종로구 종로6가 98-2번지 
진흥염색,20150721,폐수배출시설 및 방지시설 정상가동 여부,정기,서울특별시 종로구 종로5가 465번지 
유진염색,20150721,폐수배출시설 및 방지시설 정상가동 여부,정기,서울특별시 종로구 종로5가 248-2번지 
신아염색,20150721,폐수배출시설 및 방지시설 정상가동 여부,정기,서울특별시 종로구 종로6가 34번지 
(주)신풍지퍼,20150721,폐수배출시설 및 방지시설 정상가동 여부,정기,서울특별시 종로구 충신동 69-2번지 
원도금,20150717,발생폐수 적정보관 및 위탁여부,수시,서울특별시 종로구 연지동 59번지 3층 
제일염색,20150716,폐수배출시설 및 방지시설 정상가동 여부,정기,서울특별시 종로구 종로5가 225-25번지 1층 
푸른염색,20150716,폐수배출시설 및 방지시설 정상가동 여부,정기,서울특별시 종로구 종로6가 194-5번지 
종오섬유,20150716,폐수배출시설 및 방지시설 정상가동 여부,정기,서울특별시 종로구 충신동 206-12번지 
아트섬유,20150716,폐수배출시설 및 방지시설 정상가동 여부,정기,서울특별시 종로구 종로5가 459번지 1층 
대성섬유,20150716,폐수배출시설 및 방지시설 정상가동 여부,정기,서울특별시 종로구 충신동 207-13번지 
한국방송통신대학교,20150715,발생폐수 적정보관 및 위탁여부,정기,서울특별시 종로구 동숭동 169번지 
상명대학교,20150713,폐수배출시설 및 방지시설 정상가동 여부,정기,서울특별시 종로구 홍지동 7번지 상명대학교 
또래도금,20150709,발생폐수 적정보관 및 위탁여부,수시,서울특별시 종로구 봉익동 9-1번지 
새하얀,20150709,발생폐수 적정보관 및 위탁여부,수시,서울특별시 종로구 봉익동 40-1번지 
선경도금,20150709,발생폐수 적정보관 및 위탁여부,수시,서울특별시 종로구 봉익동 38-13번지 (2층) 
이태리도금,20150709,발생폐수 적정보관 및 위탁여부,수시,서울특별시 종로구 봉익동 38-9번지 
보람,20150709,발생폐수 적정보관 및 위탁여부,수시,서울특별시 종로구 묘동 78번지 
샤론도금,20150709,발생폐수 적정보관 및 위탁여부,수시,서울특별시 종로구 봉익동 12-4번지 
프로방스쥬얼리,20150709,발생폐수 적정보관 및 위탁여부,수시,서울특별시 종로구 봉익동 11-6번지 
선도금,20150709,발생폐수 적정보관 및 위탁여부,수시,서울특별시 종로구 봉익동 134번지 
정원염색,20150618,폐수배출시설 및 방지시설 정상가동 여부,정기,서울특별시 종로구 종로6가 32-5번지 1층 
월드염색,20150618,폐수배출시설 및 방지시설 정상가동 여부,정기,서울특별시 종로구 종로6가 239-29번지 
반도염색,20150618,폐수배출시설 및 방지시설 정상가동 여부,정기,서울특별시 종로구 종로6가 97번지 
백양염색,20150618,폐수배출시설 및 방지시설 정상가동 여부,정기,서울특별시 종로구 창신동 421-1번지 
삼원염색,20150618,폐수배출시설 및 방지시설 정상가동 여부,정기,서울특별시 종로구 종로5가 484번지 
(주)신풍지퍼,20150618,폐수배출시설 및 방지시설 정상가동 여부,정기,서울특별시 종로구 충신동 69-2번지 
또래도금,20150616,발생폐수 적정보관 및 위탁여부,수시,서울특별시 종로구 봉익동 9-1번지 
새하얀,20150616,발생폐수 적정보관 및 위탁여부,수시,서울특별시 종로구 봉익동 40-1번지 
선경도금,20150616,발생폐수 적정보관 및 위탁여부,수시,서울특별시 종로구 봉익동 38-13번지 (2층) 
보람,20150616,발생폐수 적정보관 및 위탁여부,수시,서울특별시 종로구 묘동 78번지 
이태리도금,20150616,발생폐수 적정보관 및 위탁여부,수시,서울특별시 종로구 봉익동 38-9번지 
선도금,20150616,발생폐수 적정보관 및 위탁여부,수시,서울특별시 종로구 봉익동 134번지 
샤론도금,20150616,발생폐수 적정보관 및 위탁여부,수시,서울특별시 종로구 봉익동 12-4번지 
프로방스쥬얼리,20150616,발생폐수 적정보관 및 위탁여부,수시,서울특별시 종로구 봉익동 11-6번지 
원도금,20150611,발생폐수 적정보관 및 위탁여부,수시,서울특별시 종로구 연지동 59번지 3층 
(주)두양,20150610,폐수배출시설 및 방지시설 정상가동 여부,수시,서울특별시 종로구 종로6가 240-3번지 
종로염색,20150610,폐수배출시설 및 방지시설 정상가동 여부,수시,서울특별시 종로구 효제동 197-1번지 
성신염색,20150610,폐수배출시설 및 방지시설 정상가동 여부,정기,서울특별시 종로구 종로5가 456-2번지 1층 
한국섬유,20150610,폐수배출시설 및 방지시설 정상가동 여부,정기,서울특별시 종로구 종로5가 460-1번지 
선도금,20150518,발생폐수 적정보관 및 위탁여부,수시,서울특별시 종로구 봉익동 134번지 
샤론도금,20150518,발생폐수 적정보관 및 위탁여부,수시,서울특별시 종로구 봉익동 12-4번지 
프로방스쥬얼리,20150518,발생폐수 적정보관 및 위탁여부,수시,서울특별시 종로구 봉익동 11-6번지 
또래도금,20150518,발생폐수 적정보관 및 위탁여부,수시,서울특별시 종로구 봉익동 9-1번지 
새하얀,20150518,발생폐수 적정보관 및 위탁여부,수시,서울특별시 종로구 봉익동 40-1번지 
선경도금,20150518,발생폐수 적정보관 및 위탁여부,수시,서울특별시 종로구 봉익동 38-13번지 (2층) 
보람,20150518,발생폐수 적정보관 및 위탁여부,수시,서울특별시 종로구 묘동 78번지 
이태리도금,20150518,발생폐수 적정보관 및 위탁여부,수시,서울특별시 종로구 봉익동 38-9번지 
원도금,20150515,발생폐수 적정보관 및 위탁여부,수시,서울특별시 종로구 연지동 59번지 3층 
진영염색,20150514,폐수배출시설 및 방지시설 정상가동 여부,정기,서울특별시 종로구 종로6가 33-9번지 
미주염색,20150514,폐수배출시설 및 방지시설 정상가동 여부,정기,서울특별시 종로구 종로6가 98-2번지 
인디안염색사,20150514,폐수배출시설 및 방지시설 정상가동 여부,정기,서울특별시 종로구 종로5가 446번지 
백양염색,20150514,폐수배출시설 및 방지시설 정상가동 여부,정기,서울특별시 종로구 창신동 421-1번지 
세일염색,20150429,폐수배출시설 및 방지시설 정상가동 여부,정기,서울특별시 종로구 종로5가 460-2번지 
정원염색,20150429,폐수배출시설 및 방지시설 정상가동 여부,정기,서울특별시 종로구 종로6가 32-5번지 1층 
반도염색,20150429,폐수배출시설 및 방지시설 정상가동 여부,정기,서울특별시 종로구 종로6가 97번지 
월드염색,20150429,폐수배출시설 및 방지시설 정상가동 여부,정기,서울특별시 종로구 종로6가 239-29번지 
종로염색,20150416,폐수배출시설 및 방지시설 정상가동 여부,수시,서울특별시 종로구 효제동 197-1번지 
성신염색,20150416,폐수배출시설 및 방지시설 정상가동 여부,정기,서울특별시 종로구 종로5가 456-2번지 1층 
한국섬유,20150416,폐수배출시설 및 방지시설 정상가동 여부,정기,서울특별시 종로구 종로5가 460-1번지 
(주)두양,20150416,폐수배출시설 및 방지시설 정상가동 여부,수시,서울특별시 종로구 종로6가 240-3번지 
원도금,20150415,행정처분 이행여부,수시,서울특별시 종로구 연지동 59번지 3층 
선도금,20150415,행정처분 이행여부,수시,서울특별시 종로구 봉익동 134번지 
이태리도금,20150415,행정처분 이행여부,수시,서울특별시 종로구 봉익동 38-9번지 
진영염색,20150408,폐수배출시설 및 방지시설 정상가동 여부,정기,서울특별시 종로구 종로6가 33-9번지 
신광염색,20150408,폐수배출시설 및 방지시설 정상가동 여부,정기,서울특별시 종로구 종로5가 225-19번지 
협동염색,20150408,폐수배출시설 및 방지시설 정상가동 여부,정기,서울특별시 종로구 종로5가 473번지 
유진염색,20150408,폐수배출시설 및 방지시설 정상가동 여부,정기,서울특별시 종로구 종로5가 248-2번지 
원일문화사,20150401,행정처분 이행 확인,수시,서울특별시 종로구 창신동 329-8번지 
유진염색,20150401,폐수배출시설 및 방지시설 정상가동 여부,정기,서울특별시 종로구 종로5가 248-2번지 
삼원염색,20150401,폐수배출시설 및 방지시설 정상가동 여부,정기,서울특별시 종로구 종로5가 484번지 
성신염색,20150401,폐수배출시설 및 방지시설 정상가동 여부,정기,서울특별시 종로구 종로5가 456-2번지 1층 
신아염색,20150401,폐수배출시설 및 방지시설 정상가동 여부,정기,서울특별시 종로구 종로6가 34번지 
진흥염색,20150401,폐수배출시설 및 방지시설 정상가동 여부,정기,서울특별시 종로구 종로5가 465번지 
대성섬유,20150401,폐수배출시설 및 방지시설 정상가동 여부,정기,서울특별시 종로구 충신동 207-13번지 
비젼애드커뮤니케이션,20150401,행정처분 이행 확인,수시,서울특별시 종로구 창신동 330-30번지 1층 
선도금,20150330,발생폐수 적정보관 및 위탁여부,수시,서울특별시 종로구 봉익동 134번지 
이태리도금,20150330,발생폐수 적정보관 및 위탁여부,수시,서울특별시 종로구 봉익동 38-9번지 
또래도금,20150324,발생폐수 적정보관 및 위탁여부,수시,서울특별시 종로구 봉익동 9-1번지 
새하얀,20150324,발생폐수 적정보관 및 위탁여부,수시,서울특별시 종로구 봉익동 40-1번지 
선경도금,20150324,발생폐수 적정보관 및 위탁여부,수시,서울특별시 종로구 봉익동 38-13번지 (2층) 
보람,20150324,발생폐수 적정보관 및 위탁여부,수시,서울특별시 종로구 묘동 78번지 
샤론도금,20150324,발생폐수 적정보관 및 위탁여부,수시,서울특별시 종로구 봉익동 12-4번지 
프로방스쥬얼리,20150324,발생폐수 적정보관 및 위탁여부,정기,서울특별시 종로구 봉익동 11-6번지 
월드염색,20150318,폐수배출시설 및 방지시설 정상가동 여부,정기,서울특별시 종로구 종로6가 239-29번지 
협동염색,20150318,폐수배출시설 및 방지시설 정상가동 여부,정기,서울특별시 종로구 종로5가 473번지 
세일염색,20150318,폐수배출시설 및 방지시설 정상가동 여부,정기,서울특별시 종로구 종로5가 460-2번지 
아트섬유,20150318,폐수배출시설 및 방지시설 정상가동 여부,정기,서울특별시 종로구 종로5가 459번지 1층 
원도금,20150317,발생폐수 적정보관 및 위탁여부,정기,서울특별시 종로구 연지동 59번지 3층 
(주)삼성문화사,20150311,발생폐수 적정보관 및 위탁여부,정기,서울특별시 종로구 창신동 329-17번지 
비젼애드커뮤니케이션,20150311,발생폐수 적정보관 및 위탁여부,정기,서울특별시 종로구 창신동 330-30번지 1층 
원일문화사,20150311,발생폐수 적정보관 및 위탁여부,정기,서울특별시 종로구 창신동 329-8번지 
수암크리스탈,20150305,발생폐수 적정보관 및 위탁여부,정기,서울특별시 종로구 관수동 134-7번지 
경희대학교부설 지구환경연구소,20150305,발생폐수 적정보관 및 위탁여부,정기,서울특별시 종로구 권농동 115-3번지 지하1층 
코디도금,20150304,발생폐수 적정보관 및 위탁여부,정기,서울특별시 종로구 봉익동 82번지 
골드파트너,20150304,발생폐수 적정보관 및 위탁여부,정기,서울특별시 종로구 봉익동 38-9번지 
명성멕기,20150304,발생폐수 적정보관 및 위탁여부,정기,서울특별시 종로구 봉익동 38-19번지 
창신사,20150304,발생폐수 적정보관 및 위탁여부,정기,서울특별시 종로구 묘동 78번지 
제일기획,20150304,발생폐수 적정보관 및 위탁여부,정기,서울특별시 종로구 묘동 33번지 
동광기업,20150304,발생폐수 적정보관 및 위탁여부,정기,서울특별시 종로구 익선동 166-29번지 
장안기업,20150304,발생폐수 적정보관 및 위탁여부,정기,서울특별시 종로구 돈의동 1번지 
삼화도금,20150304,발생폐수 적정보관 및 위탁여부,정기,서울특별시 종로구 봉익동 100번지 
선도금,20150227,발생폐수 적정보관 및 위탁여부,수시,서울특별시 종로구 봉익동 134번지 
원도금,20150227,발생폐수 적정보관 및 위탁여부,수시,서울특별시 종로구 연지동 59번지 3층 
미성,20150227,발생폐수 적정보관 및 위탁여부,수시,서울특별시 종로구 봉익동 39-2번지 
이태리도금,20150227,발생폐수 적정보관 및 위탁여부,수시,서울특별시 종로구 봉익동 38-9번지 
한국섬유,20150225,폐수배출시설 및 방지시설 정상가동 여부,정기,서울특별시 종로구 종로5가 460-1번지 
종암염색,20150225,폐수배출시설 및 방지시설 정상가동 여부,정기,서울특별시 종로구 종로5가 471번지 
태평양염색,20150225,폐수배출시설 및 방지시설 정상가동 여부,정기,서울특별시 종로구 종로5가 444-3번지 1층 
중앙염색,20150225,폐수배출시설 및 방지시설 정상가동 여부,정기,서울특별시 종로구 종로5가 447번지 
한양도금,20150211,발생폐수 적정보관 및 위탁여부,정기,서울특별시 종로구 봉익동 116번지 
나라도금,20150211,발생폐수 적정보관 및 위탁여부,정기,서울특별시 종로구 봉익동 117-2번지 영동빌딩 308 
금미사,20150211,발생폐수 적정보관 및 위탁여부,정기,서울특별시 종로구 봉익동 141-1번지 
세화사,20150211,발생폐수 적정보관 및 위탁여부,정기,서울특별시 종로구 봉익동 141-1번지 
종로멕기,20150211,발생폐수 적정보관 및 위탁여부,정기,서울특별시 종로구 봉익동 154번지 
건후사,20150211,발생폐수 적정보관 및 위탁여부,정기,서울특별시 종로구 봉익동 104번지 
수현도금,20150211,발생폐수 적정보관 및 위탁여부,정기,서울특별시 종로구 봉익동 117-2번지 영동빌딩 213호
두리멕기,20150211,발생폐수 적정보관 및 위탁여부,정기,서울특별시 종로구 봉익동 116번지 종로빌딩 202호 
미성,20150128,발생폐수 적정보관 및 위탁여부,수시,서울특별시 종로구 봉익동 39-2번지 
선도금,20150128,발생폐수 적정보관 및 위탁여부,정기,서울특별시 종로구 봉익동 134번지 
이태리도금,20150128,발생폐수 적정보관 및 위탁여부,수시,서울특별시 종로구 봉익동 38-9번지 
원도금,20150122,발생폐수 적정보관 및 위탁여부,수시,서울특별시 종로구 연지동 59번지 3층 
태평양염색,20150107,폐수배출시설 및 방지시설 정상가동 여부,정기,서울특별시 종로구 종로5가 444-3번지 1층 
원도금,20141230,발생폐수 적정보관 및 위탁여부,수시,서울특별시 종로구 연지동 59번지 3층 
평화당인쇄(주),20141226,폐수배출시설 및 방지시설 정상가동 여부,정기,서울특별시 종로구 견지동 60번지 
혜화카프라자,20141226,폐수배출시설 및 방지시설 정상가동 여부,정기,서울특별시 종로구 명륜1가 32-2번지 
이태리도금,20141215,발생폐수 적정보관 및 위탁여부,수시,서울특별시 종로구 봉익동 38-9번지 
미성,20141215,발생폐수 적정보관 및 위탁여부,수시,서울특별시 종로구 봉익동 39-2번지 
김반장수리방,20141215,발생폐수 적정보관 및 위탁여부,수시,서울특별시 종로구 묘동 42번지 
선도금,20141215,발생폐수 적정보관 및 위탁여부,수시,서울특별시 종로구 봉익동 134번지 
주)바이오앤진,20141211,발생폐수 적정보관 및 위탁여부,정기,서울특별시 종로구 명륜1가 10-1번지 12층 
백양염색,20141211,폐수배출시설 및 방지시설 정상가동 여부,정기,서울특별시 종로구 창신동 421-1번지 
세란병원,20141120,폐수배출시설 및 방지시설 정상가동 여부,정기,서울특별시 종로구 무악동 32-2번지 
자하문주유소,20141120,폐수배출시설 및 방지시설 정상가동 여부,정기,서울특별시 종로구 부암동 155-3번지 
삼성세차장,20141120,폐수배출시설 및 방지시설 정상가동 여부,정기,서울특별시 종로구 효자동 60-1번지 
세검정셀프세차타운,20141120,폐수배출시설 및 방지시설 정상가동 여부,정기,서울특별시 종로구 부암동 185-1번지 
서울적십자 병원,20141120,폐수배출시설 및 방지시설 정상가동 여부,정기,서울특별시 종로구 평동 164번지 
원도금,20141118,발생폐수 적정보관 및 위탁여부,정기,서울특별시 종로구 연지동 59번지 3층 
미성,20141117,발생폐수 적정보관 및 위탁여부,정기,서울특별시 종로구 봉익동 39-2번지 
이태리도금,20141117,발생폐수 적정보관 및 위탁여부,정기,서울특별시 종로구 봉익동 38-9번지 
선도금,20141117,발생폐수 적정보관 및 위탁여부,정기,서울특별시 종로구 봉익동 134번지 
김반장수리방,20141117,발생폐수 적정보관 및 위탁여부,정기,서울특별시 종로구 묘동 42번지 
금광부식,20141023,발생폐수 적정보관 및 위탁여부,정기,서울특별시 종로구 관수동 106번지 
한국부식,20141023,발생폐수 적정보관 및 위탁여부,정기,서울특별시 종로구 관수동 139번지 
대진부식,20141023,발생폐수 적정보관 및 위탁여부,정기,서울특별시 종로구 관수동 130-2번지 
관수부식,20141023,발생폐수 적정보관 및 위탁여부,정기,서울특별시 종로구 관수동 130-2번지 
푸른염색,20141016,폐수배출시설 및 방지시설 정상가동 여부,정기,서울특별시 종로구 종로6가 194-5번지 
종로염색,20141016,폐수배출시설 및 방지시설 정상가동 여부,정기,서울특별시 종로구 효제동 197-1번지 
월드염색,20141010,폐수배출시설 및 방지시설 정상가동 여부,수시,서울특별시 종로구 종로6가 239-29번지 
수암크리스탈,20141008,폐수배출시설 및 방지시설 정상가동 여부,수시,서울특별시 종로구 관수동 134-7번지 
월드염색,20141006,폐수배출시설 및 방지시설 정상가동 여부,수시,서울특별시 종로구 종로6가 239-29번지 
OK카서비스,20140925,폐수배출시설 및 방지시설 정상가동 여부,정기,서울특별시 종로구 평창동 66-32번지 
세란병원,20140925,폐수배출시설 및 방지시설 정상가동 여부,정기,서울특별시 종로구 무악동 32-2번지 
서울적십자 병원,20140925,폐수배출시설 및 방지시설 정상가동 여부,정기,서울특별시 종로구 평동 164번지 
대주페트로(주)종로지점 안풍주유소,20140925,폐수배출시설 및 방지시설 정상가동 여부,정기,서울특별시 종로구 홍지동 126-1번지 
명도금,20140917,발생폐수 적정보관 및 위탁여부,수시,서울특별시 종로구 봉익동 11-7번지 
종오섬유,20140917,폐수배출시설 및 방지시설 정상가동 여부,정기,서울특별시 종로구 충신동 206-12번지 
반도염색,20140915,폐수배출시설 및 방지시설 정상가동 여부,정기,서울특별시 종로구 종로6가 97번지 
대성섬유,20140915,폐수배출시설 및 방지시설 정상가동 여부,정기,서울특별시 종로구 충신동 207-13번지 
원도금,20140915,발생폐수 적정보관 및 위탁여부,수시,서울특별시 종로구 연지동 59번지 3층 
신풍지퍼,20140915,폐수배출시설 및 방지시설 정상가동 여부,정기,서울특별시 종로구 충신동 69-2번지 
미주염색,20140915,폐수배출시설 및 방지시설 정상가동 여부,정기,서울특별시 종로구 종로6가 98-2번지 
이태리도금,20140912,발생폐수 적정보관 및 위탁여부,수시,서울특별시 종로구 봉익동 38-9번지 
선도금,20140912,발생폐수 적정보관 및 위탁여부,수시,서울특별시 종로구 봉익동 134번지 
백양염색,20140912,폐수배출시설 및 방지시설 정상가동 여부,정기,서울특별시 종로구 창신동 421-1번지 
김반장수리방,20140912,발생폐수 적정보관 및 위탁여부,정기,서울특별시 종로구 묘동 42번지 
미성,20140912,발생폐수 적정보관 및 위탁여부,수시,서울특별시 종로구 봉익동 39-2번지 
선경도금,20140912,발생폐수 적정보관 및 위탁여부,수시,서울특별시 종로구 봉익동 38-13번지 (2층) 
홍콩멕기,20140902,발생폐수 적정보관 및 위탁여부,정기,서울특별시 종로구 묘동 33번지 2층 
정원염색,20140828,폐수배출시설 및 방지시설 정상가동 여부,정기,서울특별시 종로구 종로6가 32-5번지 1층 
신아염색,20140828,폐수배출시설 및 방지시설 정상가동 여부,정기,서울특별시 종로구 종로6가 34번지 
유진염색,20140828,폐수배출시설 및 방지시설 정상가동 여부,정기,서울특별시 종로구 종로5가 248-2번지 
중앙염색,20140828,폐수배출시설 및 방지시설 정상가동 여부,정기,서울특별시 종로구 종로5가 447번지 
인디안염색사,20140828,폐수배출시설 및 방지시설 정상가동 여부,정기,서울특별시 종로구 종로5가 446번지 
수암크리스탈,20140814,미신고 폐수배출시설 사용중지 명령 확인,기타,서울특별시 종로구 관수동 130-1번지 
중앙염색,20140808,행정처분 이행여부 확인 등,정기,서울특별시 종로구 종로5가 447번지 
삼원염색,20140715,폐수배출시설 및 방지시설 정상가동 여부,합동,서울특별시 종로구 종로5가 484번지 
대성섬유,20140715,폐수배출시설 및 방지시설 정상가동 여부,합동,서울특별시 종로구 충신동 207-13번지 
신풍지퍼,20140715,폐수배출시설 및 방지시설 정상가동 여부,합동,서울특별시 종로구 충신동 69-2번지 
종오섬유,20140715,폐수배출시설 및 방지시설 정상가동 여부,합동,서울특별시 종로구 충신동 206-12번지 
미주염색,20140715,폐수배출시설 및 방지시설 정상가동 여부,합동,서울특별시 종로구 종로6가 98-2번지 
신아염색,20140715,폐수배출시설 및 방지시설 정상가동 여부,합동,서울특별시 종로구 종로6가 34번지 
푸른염색,20140715,폐수배출시설 및 방지시설 정상가동 여부,합동,서울특별시 종로구 종로6가 194-5번지 
정원염색,20140715,폐수배출시설 및 방지시설 정상가동 여부,합동,서울특별시 종로구 종로6가 32-5번지 1층 
협동염색,20140715,폐수배출시설 및 방지시설 정상가동 여부,합동,서울특별시 종로구 종로5가 473번지 
진흥염색,20140715,폐수배출시설 및 방지시설 정상가동 여부,합동,서울특별시 종로구 종로5가 465번지 
세일염색,20140715,폐수배출시설 및 방지시설 정상가동 여부,합동,서울특별시 종로구 종로5가 460-2번지 
한국섬유,20140715,폐수배출시설 및 방지시설 정상가동 여부,합동,서울특별시 종로구 종로5가 460-1번지 
미주염색,20140715,폐수배출시설 및 방지시설 정상가동 여부,합동,서울특별시 종로구 종로5가 459번지 1층 
성신염색,20140715,폐수배출시설 및 방지시설 정상가동 여부,합동,서울특별시 종로구 종로5가 456-2번지 1층 
중앙염색,20140715,폐수배출시설 및 방지시설 정상가동 여부,합동,서울특별시 종로구 종로5가 447번지 
인디안염색사,20140715,폐수배출시설 및 방지시설 정상가동 여부,합동,서울특별시 종로구 종로5가 446번지 
유진염색,20140715,폐수배출시설 및 방지시설 정상가동 여부,합동,서울특별시 종로구 종로5가 248-2번지 
제일염색,20140715,폐수배출시설 및 방지시설 정상가동 여부,정기,서울특별시 종로구 종로5가 225-25번지 1층 
반도염색,20140715,폐수배출시설 및 방지시설 정상가동 여부,합동,서울특별시 종로구 종로6가 97번지 
협동염색,20140618,폐수배출시설 및 방지시설 정상가동 여부,정기,서울특별시 종로구 종로5가 473번지 
진흥염색,20140618,폐수배출시설 및 방지시설 정상가동 여부,정기,서울특별시 종로구 종로5가 465번지 
삼원염색,20140618,폐수배출시설 및 방지시설 정상가동 여부,정기,서울특별시 종로구 종로5가 484번지 
성신염색,20140618,폐수배출시설 및 방지시설 정상가동 여부,정기,서울특별시 종로구 종로5가 456-2번지 1층 
미주염색,20140617,폐수배출시설 및 방지시설 정상가동 여부,정기,서울특별시 종로구 종로5가 459번지 1층 
한국섬유,20140617,폐수배출시설 및 방지시설 정상가동 여부,정기,서울특별시 종로구 종로5가 460-1번지 
세일염색,20140617,폐수배출시설 및 방지시설 정상가동 여부,정기,서울특별시 종로구 종로5가 460-2번지 
알파색채 주식회사,20140617,발생폐수 적정보관 및 위탁여부,정기,서울특별시 종로구 평창동 283-1번지 
서울대학교 암연구소,20140521,폐수배출시설 및 방지시설 정상가동 여부,정기,서울특별시 종로구 연건동 28번지 
서울대학교 간연구소,20140521,폐수배출시설 및 방지시설 정상가동 여부,정기,서울특별시 종로구 연건동 28번지 (28-2) 
세란병원,20140521,폐수배출시설 및 방지시설 정상가동 여부,정기,서울특별시 종로구 무악동 32-2번지 
백양염색,20140515,폐수배출시설 및 방지시설 정상가동 여부,정기,서울특별시 종로구 창신동 421-1번지 
유진염색,20140515,폐수배출시설 및 방지시설 정상가동 여부,정기,서울특별시 종로구 종로5가 248-2번지 
중앙염색,20140515,폐수배출시설 및 방지시설 정상가동 여부,정기,서울특별시 종로구 종로5가 447번지 
신풍지퍼,20140515,폐수배출시설 및 방지시설 정상가동 여부,정기,서울특별시 종로구 충신동 69-2번지 
반도염색,20140514,폐수배출시설 및 방지시설 정상가동 여부,정기,서울특별시 종로구 종로6가 97번지 
신아염색,20140514,폐수배출시설 및 방지시설 정상가동 여부,정기,서울특별시 종로구 종로6가 34번지 
미주염색,20140514,폐수배출시설 및 방지시설 정상가동 여부,정기,서울특별시 종로구 종로6가 98-2번지 
정원염색,20140514,폐수배출시설 및 방지시설 정상가동 여부,정기,서울특별시 종로구 종로6가 32-5번지 1층 
건후사,20140421,발생폐수 적정보관 및 위탁여부,정기,서울특별시 종로구 봉익동 104번지 
(주)씨앤케이다이아몬드,20140411,발생폐수 적정보관 및 위탁여부,정기,서울특별시 종로구 옥인동 16번지 2층 
(재)한국의학연구소한국중부의원,20140408,발생폐수 적정보관 및 위탁여부,정기,서울특별시 종로구 당주동 100번지 세종빌딩 1층(107~109호) 
의료법인하나로의료재단하나로의원,20140408,발생폐수 적정보관 및 위탁여부,정기,서울특별시 종로구 인사동 194-4번지 
(주)두양,20140403,폐수배출시설 및 방지시설 정상가동 여부,정기,서울특별시 종로구 종로6가 240-3번지 
효제사,20140403,폐수배출시설 및 방지시설 정상가동 여부,정기,서울특별시 종로구 종로6가 238-32번지 
미주염색,20140403,폐수배출시설 및 방지시설 정상가동 여부,정기,서울특별시 종로구 종로5가 459번지 1층 
삼원염색,20140403,폐수배출시설 및 방지시설 정상가동 여부,정기,서울특별시 종로구 종로5가 484번지 
협동염색,20140403,폐수배출시설 및 방지시설 정상가동 여부,정기,서울특별시 종로구 종로5가 473번지 
푸른염색,20140403,폐수배출시설 및 방지시설 정상가동 여부,정기,서울특별시 종로구 종로6가 194-5번지 
세종종합상사,20140327,발생폐수 적정보관 및 위탁여부,정기,서울특별시 종로구 돈의동 154번지 
희전부식,20140327,발생폐수 적정보관 및 위탁여부,정기,서울특별시 종로구 돈의동 44-1번지 
컴퓨터멕기방,20140327,발생폐수 적정보관 및 위탁여부,정기,서울특별시 종로구 봉익동 117-2번지 301호 
매일기획,20140327,발생폐수 적정보관 및 위탁여부,정기,서울특별시 종로구 와룡동 172-2번지 4층 
양지사,20140327,발생폐수 적정보관 및 위탁여부,정기,서울특별시 종로구 봉익동 117-2번지 
청지,20140327,발생폐수 적정보관 및 위탁여부,정기,서울특별시 종로구 봉익동 118-1번지 
다래기획,20140327,발생폐수 적정보관 및 위탁여부,정기,서울특별시 종로구 돈의동 154번지 
덕흥기념사,20140327,발생폐수 적정보관 및 위탁여부,정기,서울특별시 종로구 묘동 30-1번지 
제일염색,20140320,폐수배출시설 및 방지시설 정상가동 여부,정기,서울특별시 종로구 종로5가 225-25번지 1층 
진흥염색,20140320,폐수배출시설 및 방지시설 정상가동 여부,정기,서울특별시 종로구 종로5가 465번지 
세일염색,20140320,폐수배출시설 및 방지시설 정상가동 여부,정기,서울특별시 종로구 종로5가 460-2번지 
인디안염색사,20140320,폐수배출시설 및 방지시설 정상가동 여부,정기,서울특별시 종로구 종로5가 446번지 
한국섬유,20140320,폐수배출시설 및 방지시설 정상가동 여부,정기,서울특별시 종로구 종로5가 460-1번지 
성신염색,20140320,폐수배출시설 및 방지시설 정상가동 여부,정기,서울특별시 종로구 종로5가 456-2번지 1층 
대성,20131031,배출시설 및 방지시설 적정가동여부 등,정기,서울특별시 종로구 관수동 143-7번지 
알파색채(주),20131031,배출시설 및 방지시설 적정가동여부 등,정기,서울특별시 종로구 평창동 283-1번지 
종로칠,20131031,배출시설 및 방지시설 적정가동여부 등,정기,서울특별시 종로구 관수동 102-2번지 
광명기획,20131031,배출시설 및 방지시설 적정가동여부 등,정기,서울특별시 종로구 관수동 130-2번지 
반도염색,20131001,개선이행에따른 폐수배출시설 및 방지시설 정상가동 여부 등,기타,서울특별시 종로구 종로6가 97번지 
제일염색,20130925,폐수배출시설 및 방지시설 정상가동 여부 등,기타,서울특별시 종로구 종로5가 225-25번지 1층 
청와대 제 101 경비단,20130910,폐수배출시설 및 방지시설 정상가동 여부,정기,서울특별시 종로구 궁정동 8-1번지 
세란병원,20130906,폐수배출시설 및 방지시설 정상가동 여부 등,정기,서울특별시 종로구 무악동 32-2번지 
서울대학교병원 암센터,20130906,폐수배출시설 및 방지시설 정상가동 여부 등,정기,서울특별시 종로구 연건동 28-21번지 
세란병원,20130906,발생폐수 적정보관 및 위탁여부 등,정기,서울특별시 종로구 무악동 9-13번지 4층 
국군서울지구병원,20130906,폐수배출시설 및 방지시설 정상가동 여부 등,정기,서울특별시 종로구 삼청동 25-1번지 
제일염색,20130828,개선이행에 따른 폐수배출시설 및 방지시설 정상가동여부 등,기타,서울특별시 종로구 종로5가 225-25번지 1층 
서울대학교 암연구소,20130828,폐수배출시설 및 방지시설 정상가동여부 등,정기,서울특별시 종로구 연건동 28번지 
제일기획,20130827,발생폐수 적정보관 및 위탁여부 등,정기,서울특별시 종로구 묘동 33번지 
쁘띠,20130827,발생폐수 적정보관 및 위탁여부 등,기타,서울특별시 종로구 묘동 99-1번지 외 1필지(102-1) 
진성기획,20130827,발생폐수 적정보관 및 위탁여부 등,정기,서울특별시 종로구 관수동 113-2번지 
태영,20130827,발생폐수 적정보관 및 위탁여부 등,기타,서울특별시 종로구 관수동 39-3번지 
보라기업,20130827,발생폐수 적정보관 및 위탁여부 등,기타,서울특별시 종로구 관수동 21-9번지 
특종주유소,20130822,폐수배출시설 및 방지시설 정상가동여부,기타,서울특별시 종로구 평창동 198-1번지 
신풍지퍼,20130620,폐수배출시설 및 방지시설 정상가동여부 등,합동,서울특별시 종로구 충신동 69-2번지 
동원상사,20130620,폐수배출시설 및 방지시설 정상가동여부 등,합동,서울특별시 종로구 효제동 204번지 
종로염색,20130620,폐수배출시설 및 방지시설 정상가동여부 등,합동,서울특별시 종로구 효제동 197-1번지 
백양염색,20130620,폐수배출시설 및 방지시설 정상가동여부 등,합동,서울특별시 종로구 창신동 421-1번지 
대성섬유,20130620,폐수배출시설 및 방지시설 정상가동여부 등,합동,서울특별시 종로구 충신동 207-13번지 
종오섬유,20130620,폐수배출시설 및 방지시설 정상가동여부 등,합동,서울특별시 종로구 충신동 206-12번지 
종암염색,20130620,폐수배출시설 및 방지시설 정상가동여부 등,합동,서울특별시 종로구 종로5가 471번지 
세일염색,20130620,폐수배출시설 및 방지시설 정상가동여부 등,합동,서울특별시 종로구 종로5가 460-2번지 
한국섬유,20130620,폐수배출시설 및 방지시설 정상가동여부 등,합동,서울특별시 종로구 종로5가 460-1번지 
미주염색,20130620,폐수배출시설 및 방지시설 정상가동여부 등,합동,서울특별시 종로구 종로5가 459번지 1층 
성신염색,20130620,폐수배출시설 및 방지시설 정상가동여부 등,합동,서울특별시 종로구 종로5가 456-2번지 1층 
중앙염색,20130620,폐수배출시설 및 방지시설 정상가동여부 등,일제,서울특별시 종로구 종로5가 447번지 
인디안염색사,20130620,폐수배출시설 및 방지시설 정상가동여부 등,합동,서울특별시 종로구 종로5가 446번지 
태평양염색,20130620,폐수배출시설 및 방지시설 정상가동여부 등,합동,서울특별시 종로구 종로5가 444-3번지 1층 
제일염색,20130620,폐수배출시설 및 방지시설 정상가동여부 등,합동,서울특별시 종로구 종로5가 225-25번지 1층 
유진염색,20130620,폐수배출시설 및 방지시설 정상가동여부 등,합동,서울특별시 종로구 종로5가 248-2번지 
신광염색,20130620,폐수배출시설 및 방지시설 정상가동여부 등,합동,서울특별시 종로구 종로5가 225-19번지 
진흥염색,20130620,폐수배출시설 및 방지시설 정상가동여부 등,합동,서울특별시 종로구 종로5가 465번지 
우리염색,20130620,폐수배출시설 및 방지시설 정상가동여부 등,합동,서울특별시 종로구 충신동 188-8번지 
월드염색,20130620,폐수배출시설 및 방지시설 정상가동여부 등,합동,서울특별시 종로구 종로6가 239-29번지 
미주염색,20130620,폐수배출시설 및 방지시설 정상가동여부 등,합동,서울특별시 종로구 종로6가 98-2번지 
반도염색,20130620,폐수배출시설 및 방지시설 정상가동여부 등,합동,서울특별시 종로구 종로6가 97번지 
신아염색,20130620,폐수배출시설 및 방지시설 정상가동여부 등,합동,서울특별시 종로구 종로6가 34번지 
진영염색,20130620,폐수배출시설 및 방지시설 정상가동여부 등,합동,서울특별시 종로구 종로6가 33-9번지 
정원염색,20130620,폐수배출시설 및 방지시설 정상가동여부 등,합동,서울특별시 종로구 종로6가 32-5번지 1층 
하나염색,20130620,폐수배출시설 및 방지시설 정상가동여부 등,합동,서울특별시 종로구 종로6가 32-1번지 
(주)두양,20130620,폐수배출시설 및 방지시설 정상가동여부 등,합동,서울특별시 종로구 종로6가 240-3번지 
효제사,20130620,폐수배출시설 및 방지시설 정상가동여부 등,합동,서울특별시 종로구 종로6가 238-32번지 
영진염색사,20130620,폐수배출시설 및 방지시설 정상가동여부 등,합동,서울특별시 종로구 종로6가 194-5번지 
협동염색,20130620,폐수배출시설 및 방지시설 정상가동여부 등,합동,서울특별시 종로구 종로5가 473번지 
삼원염색,20130620,폐수배출시설 및 방지시설 정상가동여부 등,합동,서울특별시 종로구 종로5가 484번지 
서울대학교 병원,20130612,폐수배출시설 및 방지시설 정상가동 여부 등,수시,서울특별시 종로구 연건동 28번지 
서울대학교치과병원,20130612,폐수배출시설 및 방지시설 정상가동 여부 등,수시,서울특별시 종로구 연건동 275-1번지 
강북삼성병원,20130612,폐수배출시설 및 방지시설 정상가동 여부 등,수시,서울특별시 종로구 평동 108-1번지 
알파색채 주식회사,20130605,발생폐수 적정보관 및 위탁여부,기타,서울특별시 종로구 평창동 283-1번지 
혜화카프라자,20130521,폐수배출시설 및 방지시설 정상가동 여부 등,기타,서울특별시 종로구 명륜1가 32-2번지 
비젼애드커뮤니케이션,20130516,발생폐수 적정보관 및 위탁여부 등,정기,서울특별시 종로구 창신동 330-30번지 1층 
동남문화사,20130516,발생폐수 적정보관 및 위탁여부 등,정기,서울특별시 종로구 창신동 330-24번지 
원일문화사,20130516,발생폐수 적정보관 및 위탁여부 등,정기,서울특별시 종로구 창신동 329-8번지 
태광사,20130516,발생폐수 적정보관 및 위탁여부 등,정기,서울특별시 종로구 창신동 329-17번지 
한국부식,20130516,발생폐수 적정보관 및 위탁여부 등,정기,서울특별시 종로구 관수동 139번지 
태성도금,20130509,발생폐수 적정보관 및 위탁여부 등,정기,서울특별시 종로구 봉익동 11-14번지 
삼화도금,20130509,발생폐수 적정보관 및 위탁여부 등,정기,서울특별시 종로구 봉익동 100번지 
건후사,20130509,발생폐수 적정보관 및 위탁여부 등,정기,서울특별시 종로구 봉익동 104번지 
종로멕기,20130509,발생폐수 적정보관 및 위탁여부 등,정기,서울특별시 종로구 봉익동 154번지 
깨끗한도금,20130509,발생폐수 적정보관 및 위탁여부 등,정기,서울특별시 종로구 봉익동 14번지 
명성멕기,20130509,발생폐수 적정보관 및 위탁여부 등,정기,서울특별시 종로구 봉익동 38-19번지 
골드파트너,20130509,발생폐수 적정보관 및 위탁여부 등,정기,서울특별시 종로구 봉익동 38-9번지 
홍콩멕기,20130507,발생폐수 적정보관 및 위탁여부 등,정기,서울특별시 종로구 묘동 33번지 2층 
한양도금,20130507,발생폐수 적정보관 및 위탁여부 등,정기,서울특별시 종로구 봉익동 116번지 
두리멕기,20130507,발생폐수 적정보관 및 위탁여부 등,정기,서울특별시 종로구 봉익동 116번지 종로빌딩 202호 
수현도금,20130507,발생폐수 적정보관 및 위탁여부 등,정기,서울특별시 종로구 봉익동 117-2번지 영동빌딩 213호
나라도금,20130507,발생폐수 적정보관 및 위탁여부 등,정기,서울특별시 종로구 봉익동 117-2번지 영동빌딩 308 
북악주유소,20130423,폐수배출시설 및 방지시설 정상가동 여부,정기,서울특별시 종로구 평창동 103-1번지 
명경주유소,20130423,폐수배출시설 및 방지시설 정상가동 여부,정기,서울특별시 종로구 평창동 80-1번지 
혜화카프라자,20130423,폐수배출시설 및 방지시설 정상가동 여부,정기,서울특별시 종로구 명륜1가 32-2번지 
특종주유소,20130423,폐수배출시설 및 방지시설 정상가동 여부,정기,서울특별시 종로구 평창동 198-1번지 
협동염색,20130419,폐수배출시설 및 방지시설 정상가동 여부,정기,서울특별시 종로구 종로5가 473번지 
중앙염색,20130419,폐수배출시설 및 방지시설 정상가동 여부,정기,서울특별시 종로구 종로5가 447번지 
제일염색,20130419,폐수배출시설 및 방지시설 정상가동 여부,정기,서울특별시 종로구 종로5가 225-25번지 1층 
유진염색,20130419,폐수배출시설 및 방지시설 정상가동 여부,정기,서울특별시 종로구 종로5가 248-2번지 
미주염색,20130419,폐수배출시설 및 방지시설 정상가동 여부,정기,서울특별시 종로구 종로5가 459번지 1층 
반도염색,20130416,폐수배출시설 및 방지시설 정상가동여부,정기,서울특별시 종로구 종로6가 97번지 
백양염색,20130416,폐수배출시설 및 방지시설 정상가동여부,정기,서울특별시 종로구 창신동 421-1번지 
영진염색사,20130416,폐수배출시설 및 방지시설 정상가동여부,정기,서울특별시 종로구 종로6가 194-5번지 
신아염색,20130416,폐수배출시설 및 방지시설 정상가동여부,정기,서울특별시 종로구 종로6가 34번지 
정원염색,20130416,폐수배출시설 및 방지시설 정상가동여부,정기,서울특별시 종로구 종로6가 32-5번지 1층 
세화사,20130411,발생폐수 적정보관 및 위탁여부,정기,서울특별시 종로구 봉익동 141-1번지 
대성도금,20130411,발생폐수 적정보관 및 위탁여부,정기,서울특별시 종로구 봉익동 153번지 
금미사,20130411,발생폐수 적정보관 및 위탁여부,정기,서울특별시 종로구 봉익동 141-1번지 세화빌딩 지하 108호
상명대학교,20130403,발생폐수 적정 보관 및 위탁여부 등,정기,서울특별시 종로구 홍지동 7번지 상명대학교 
서울대학교 의과대학,20130403,폐수배출시설 및 방지시설 정상가동 여부 등,정기,서울특별시 종로구 연건동 28번지 
한국방송통신대학교,20130403,발생폐수 적정보관 및 위탁여부 등,정기,서울특별시 종로구 동숭동 169번지 
경희대학교부설 지구환경연구소,20130403,발생폐수 적정보관 및 위탁여부,정기,서울특별시 종로구 권농동 115-3번지 지하1층 
서울대학교치과대학 치의학대학원,20130403,발생폐수 적정보관 및 위탁여부 등,정기,서울특별시 종로구 연건동 28번지 
창신사,20130307,발생폐수 적정보관 및 위탁여부,정기,서울특별시 종로구 묘동 78번지 
럭키,20130307,발생폐수 적정보관 및 위탁여부,정기,서울특별시 종로구 원남동 194번지 4층 
동광기업,20130307,발생폐수 적정보관 및 위탁여부,정기,서울특별시 종로구 익선동 166-29번지 
장안기업,20130307,발생폐수 적정보관 및 위탁여부,정기,서울특별시 종로구 돈의동 1번지 
유진염색,20130305,폐수배출시설 및 방지시설 지도점검(개선완료이행),정기,서울특별시 종로구 종로5가 248-2번지 
서울대학교 병원,20130305,폐수배출시설 및 방지시설 정상가동 여부(의생명 영장류),정기,서울특별시 종로구 연건동 28번지 
서울대학교 병원,20130305,폐수배출시설 및 방지시설 점검(본관및소아동),정기,서울특별시 종로구 연건동 28번지 
신아염색,20120914,배출시설 및 방지시설 정상가동여부(개선완료이행),수시,서울특별시 종로구 종로6가 34번지 
대주페트로(주)종로지점 안풍주유소,20120814,배출시설 및 방지시설 정상가동 여부 등,정기,서울특별시 종로구 홍지동 126-1번지 
OK카서비스,20120814,배출시설 및 방지시설 정상가동 여부 등,정기,서울특별시 종로구 평창동 66-32번지 
평화당인쇄(주),20120814,배출시설 및 방지시설 정상가동 여부 등,정기,서울특별시 종로구 견지동 60번지 
세검정셀프세차타운,20120807,폐수배출시설 및 방지시설 지도점검,정기,서울특별시 종로구 부암동 185-1번지 
자하문주유소,20120807,폐수배출시설 및 방지시설 지도점검,정기,서울특별시 종로구 부암동 155-3번지 
삼성세차장,20120807,폐수배출시설 및 방지시설 지도점검,정기,서울특별시 종로구 효자동 60-1번지 
월드염색,20120807,폐수배출시설 및 방지시설 지도점검,정기,서울특별시 종로구 종로6가 239-29번지 
영진염색사,20120622,배출시설 및 방지시설 정상가동여부,기타,서울특별시 종로구 종로6가 194-5번지 
반도염색,20120622,배출시설 및 방지시설 정상가동여부,기타,서울특별시 종로구 종로6가 97번지 
세란병원,20120622,배출시설 및 방지시설 정상가동여부,기타,서울특별시 종로구 무악동 32-2번지 
우리염색,20120622,배출시설 및 방지시설 정상가동여부,기타,서울특별시 종로구 충신동 188-8번지 
미주염색,20120622,배출시설 및 방지시설 정상가동여부,기타,서울특별시 종로구 종로5가 459번지 1층 
성신염색,20120620,배출시설 및 방지시설 정상가동여부,기타,서울특별시 종로구 종로5가 456-2번지 1층 
백양염색,20120620,배출시설 및 방지시설 정상가동여부,기타,서울특별시 종로구 창신동 421-1번지 
태평양염색,20120620,배출시설 및 방지시설 정상가동여부,정기,서울특별시 종로구 종로5가 444-3번지 1층 
진영염색,20120612,배출시설 및 방지시설 정상가동여부,기타,서울특별시 종로구 종로6가 33-9번지 
(주)두양,20120612,배출시설 및 방지시설 정상가동여부,기타,서울특별시 종로구 종로6가 240-3번지 
신풍지퍼,20120612,배출시설 및 방지시설 정상가동여부,기타,서울특별시 종로구 충신동 69-2번지 
유진염색,20120612,배출시설 및 방지시설 정상가동여부,기타,서울특별시 종로구 종로5가 248-2번지 
신아염색,20120605,개선완료이행에 따른 배출시설 및 방지시설 점검,기타,서울특별시 종로구 종로6가 34번지 
(주)씨앤케이다이아몬드,20120518,발생폐수 적정보관 및 위탁여부,정기,서울특별시 종로구 옥인동 16번지 2층 
(재)한국의학연구소한국중부의원,20120518,발생폐수 적정보관 및 위탁여부,정기,서울특별시 종로구 당주동 100번지 세종빌딩 1층(107~109호) 
(주)도서출판서예문인화,20120518,발생폐수 적정보관 및 위탁여부,정기,서울특별시 종로구 내자동 167-2번지 1층2호지하2호 
반도염색,20120515,개선이행에 따른 배출시설 및 방지시설 정상가동여부,기타,서울특별시 종로구 종로6가 97번지 
정원염색,20120515,개선이행에 따른 배출시설 및 방지시설 정상가동여부,기타,서울특별시 종로구 종로6가 32-5번지 1층 
서울대학교병원 암센터,20120510,배출시설 및 방지시설 정상가동여부 시료채취하여 검사의뢰,정기,서울특별시 종로구 연건동 28-21번지 
서울적십자 병원,20120510,배출시설 및 방지시설 정상가동여부 시료채취하여 검사의뢰,정기,서울특별시 종로구 평동 164번지 
서울대학교 암연구소,20120510,배출시설 및 방지시설 정상가동여부 시료채취하여 검사의뢰,정기,서울특별시 종로구 연건동 28번지 
서울대학교 의과대학,20120510,배출시설 및 방지시설 정상가동여부 시료채취하여 검사의뢰,정기,서울특별시 종로구 연건동 28번지 
서울대학교치과병원,20120510,배출시설 및 방지시설 정상가동여부 시료채취하여 검사의뢰,정기,서울특별시 종로구 연건동 275-1번지 
세란병원,20120510,배출시설 및 방지시설 정상가동 여부 시료채취하여 검사의뢰,정기,서울특별시 종로구 무악동 32-2번지 
원일문화사,20120508,폐수배출시설 및 방지시설 적정보관 및 위탁여부 등,정기,서울특별시 종로구 창신동 329-8번지 
태광사,20120508,폐수배출시설 및 방지시설 적정보관 및 위탁여부 등,정기,서울특별시 종로구 창신동 329-17번지 
비젼애드커뮤니케이션,20120508,폐수배출시설 및 방지시설 적정보관 및 위탁여부 등,정기,서울특별시 종로구 창신동 330-30번지 1층 
동남문화사,20120508,폐수배출시설 및 방지시설 적정보관 및 위탁여부 등,정기,서울특별시 종로구 창신동 330-24번지 
종로염색,20120405,페수배출시설 및 방지시설 정상가동 여부,합동,서울특별시 종로구 효제동 197-1번지 
종오섬유,20120405,페수배출시설 및 방지시설 정상가동 여부,합동,서울특별시 종로구 충신동 206-12번지 
우리염색,20120405,페수배출시설 및 방지시설 정상가동 여부,합동,서울특별시 종로구 충신동 188-8번지 
미주염색,20120405,페수배출시설 및 방지시설 정상가동 여부,합동,서울특별시 종로구 종로6가 98-2번지 
반도염색,20120405,페수배출시설 및 방지시설 정상가동 여부,합동,서울특별시 종로구 종로6가 97번지 
하나염색,20120405,페수배출시설 및 방지시설 정상가동 여부,합동,서울특별시 종로구 종로6가 32-1번지 
효제사,20120405,페수배출시설 및 방지시설 정상가동 여부,합동,서울특별시 종로구 종로6가 238-32번지 
협동염색,20120405,페수배출시설 및 방지시설 정상가동 여부,합동,서울특별시 종로구 종로5가 473번지 
삼원염색,20120405,페수배출시설 및 방지시설 정상가동 여부,합동,서울특별시 종로구 종로5가 484번지 
진흥염색,20120405,페수배출시설 및 방지시설 정상가동 여부,합동,서울특별시 종로구 종로5가 465번지 
세일염색,20120405,페수배출시설 및 방지시설 정상가동 여부,합동,서울특별시 종로구 종로5가 460-2번지 
한국섬유,20120405,배출시설 및 방지시설 정상가동여부,합동,서울특별시 종로구 종로5가 460-1번지 
미주염색,20120405,배출시설 및 방지시설 정상가동여부,합동,서울특별시 종로구 종로5가 459번지 1층 
성신염색,20120405,배출시설 및 방지시설 정상가동여부,합동,서울특별시 종로구 종로5가 456-2번지 1층 
중앙염색,20120405,배출시설 및 방지시설 정상가동여부,합동,서울특별시 종로구 종로5가 447번지 
인디안염색사,20120405,배출시설 및 방지시설 정상가동여부,합동,서울특별시 종로구 종로5가 446번지 
태평양염색,20120405,배출시설 및 방지시설 정상가동여부,합동,서울특별시 종로구 종로5가 444-3번지 1층 
제일염색,20120405,배출시설 및 방지시설 정상가동여부,합동,서울특별시 종로구 종로5가 225-25번지 1층 
신광염색,20120405,배출시설 및 방지시설 정상가동여부,합동,서울특별시 종로구 종로5가 225-19번지 
종암염색,20120405,폐수배출시설 및 방지시설 정상가동 여부,합동,서울특별시 종로구 종로5가 471번지 
신아염색,20120405,페수배출시설 및 방지시설 정상가동 여부,합동,서울특별시 종로구 종로6가 34번지 
정원염색,20120405,페수배출시설 및 방지시설 정상가동 여부,합동,서울특별시 종로구 종로6가 32-5번지 1층 
동원상사,20120405,페수배출시설 및 방지시설 정상가동 여부,합동,서울특별시 종로구 효제동 204번지 
대성섬유,20120405,페수배출시설 및 방지시설 정상가동 여부,합동,서울특별시 종로구 충신동 207-13번지 
다래기획,20120327,발생폐수 적정보관 및 위탁여부,정기,서울특별시 종로구 돈의동 154번지 
세종종합상사,20120327,발생폐수 적정보관 및 위탁여부,정기,서울특별시 종로구 돈의동 154번지 
매일기획,20120327,발생폐수 적정보관 및 위탁여부,정기,서울특별시 종로구 와룡동 172-2번지 4층 
경희대학교부설 지구환경연구소,20120312,발생폐수 적정보관 및 위탁여부 등,정기,서울특별시 종로구 권농동 115-3번지 지하1층 
덕흥기념사,20120312,발생폐수 적정보관 및 위탁여부 등,정기,서울특별시 종로구 묘동 30-1번지 
희전부식,20120312,발생폐수 적정보관 및 위탁여부 등,정기,서울특별시 종로구 돈의동 44-1번지 
미주염색,20120131,개선명령 완료 이행보고에 따른 폐수배출시설 점검,기타,서울특별시 종로구 종로5가 459번지 1층 
우리염색,20120131,배출시설 및 방지시설 정상가동여부,정기,서울특별시 종로구 충신동 188-8번지 
삼원염색,20111223,배출허용기준초과 개선완료이행에 따른 정상가동여부 등,기타,서울특별시 종로구 종로5가 484번지 
미주염색,20111223,배출허용기준초과 개선완료이행에 따른 정상가동여부 등,기타,서울특별시 종로구 종로5가 459번지 1층 
대성섬유,20111221,개선완료이행보고에 따른 배출시설 및 방지시설 정상가동여부,기타,서울특별시 종로구 충신동 207-13번지 
중앙염색,20111221,개선완료이행보고에 따른 배출시설 및 방지시설 정상가동여부,기타,서울특별시 종로구 종로5가 447번지 
성신염색,20111221,개선완료이행보고에 따른 배출시설 및 방지시설 정상가동여부,정기,서울특별시 종로구 종로5가 456-2번지 1층 
진흥염색,20111220,개선완료이행에 따른 배출시설 및 방시시설 점검,기타,서울특별시 종로구 종로5가 465번지 
제일염색,20111220,개선완료이행에 따른 배출시설 및 방시시설 점검,기타,서울특별시 종로구 종로5가 225-25번지 1층 
미주염색,20111116,배출시설 및 방지시설 정상가동여부,수시,서울특별시 종로구 종로5가 459번지 1층 
하나염색,20111116,배출시설 및 방지시설 정상가동여부,정기,서울특별시 종로구 종로6가 32-1번지 
알파색채 주식회사,20111107,폐수 적정 처리 등,수시,서울특별시 종로구 평창동 283-1번지 
백양염색,20111104,폐수배출시설 및 방지시설 관리 적정 등,정기,서울특별시 종로구 창신동 421-1번지 
진영염색,20111104,폐수배출시설 및 방지시설 관리 적정 등,정기,서울특별시 종로구 종로6가 33-9번지 
반도염색,20111104,폐수배출시설 및 방지시설 관리 적정 등,정기,서울특별시 종로구 종로6가 97번지 
우리염색,20111104,폐수배출시설 및 방지시설 관리 적정 등,정기,서울특별시 종로구 충신동 188-8번지 
신아염색,20111104,폐수배출시설 및 방지시설 관리 적정 등,정기,서울특별시 종로구 종로6가 34번지 
동원상사,20111104,폐수배출시설 및 방지시설 관리 적정 등,정기,서울특별시 종로구 효제동 204번지 
신광염색,20111104,배출시설 및 방지시설 운영실태 등,정기,서울특별시 종로구 종로5가 225-19번지 
제일염색,20111104,폐수배출시설 및 방지시설 관리 적정 등,정기,서울특별시 종로구 종로5가 225-25번지 1층 
태평양염색,20111104,폐수배출시설 및 방지시설 관리 적정 등,정기,서울특별시 종로구 종로5가 444-3번지 1층 
중앙염색,20111104,폐수배출시설 및 방지시설 관리 적정 등,정기,서울특별시 종로구 종로5가 447번지 
영진염색사,20111104,폐수배출시설 및 방지시설 관리 적정 등,정기,서울특별시 종로구 종로6가 194-5번지 
(주)두양,20111104,폐수배출시설 및 방지시설 관리 적정 등,정기,서울특별시 종로구 종로6가 240-3번지 
한국섬유,20111103,배출시설 및 방지시설 운영실태 등,정기,서울특별시 종로구 종로5가 460-1번지 
세일염색,20111103,배출시설 및 방지시설 운영실태 등,정기,서울특별시 종로구 종로5가 460-2번지 
진흥염색,20111103,배출시설 및 방지시설 운영실태 등,정기,서울특별시 종로구 종로5가 465번지 
대성섬유,20111103,배출시설 및 방지시설 운영실태 등,정기,서울특별시 종로구 충신동 207-13번지 
신풍지퍼,20111103,배출시설 및 방지시설 운영실태 등,정기,서울특별시 종로구 충신동 69-2번지 
종오섬유,20111103,배출시설 및 방지시설 운영실태 등,정기,서울특별시 종로구 충신동 206-12번지 
정원염색,20111103,배출시설 및 방지시설 운영실태 등,정기,서울특별시 종로구 종로6가 32-5번지 1층 
성신염색,20111103,배출시설 및 방지시설 운영실태 등,정기,서울특별시 종로구 종로5가 456-2번지 1층 
한일섬유,20111103,배출시설 및 방지시설 운영실태 등,정기,서울특별시 종로구 종로6가 239-29번지 
종로염색,20111103,배출시설 및 방지시설 운영실태 등,정기,서울특별시 종로구 효제동 197-1번지 
효제사,20111103,배출시설 및 방지시설 운영실태 등,정기,서울특별시 종로구 종로6가 238-32번지 
삼원염색,20111103,배출시설 및 방지시설 운영실태 등,정기,서울특별시 종로구 종로5가 484번지 
협동염색,20111103,배출시설 및 방지시설 운영실태 등,정기,서울특별시 종로구 종로5가 473번지 
인디안염색사,20111103,배출시설 및 방지시설 운영실태 등,정기,서울특별시 종로구 종로5가 446번지 
유진염색,20111103,배출시설 및 방지시설 운영실태 등,정기,서울특별시 종로구 종로5가 248-2번지 
종암염색,20111103,배출시설 및 방지시설 운영실태 등,정기,서울특별시 종로구 종로5가 471번지 
대진상사,20111025,유독물 판매 및 유통실태 등,정기,서울특별시 종로구 묘동 17-1번지 
신광종합상사,20111025,유독물 판매 및 유통실태 등,정기,서울특별시 종로구 봉익동 15번지 
부은상사,20111025,유독물 판매 및 유통실태 등,정기,서울특별시 종로구 종로3가 144-1번지 
경서과학상사,20111025,유독물 판매 및 유통실태 등,정기,서울특별시 종로구 종로3가 147번지 
(주)원일상사,20111025,유독물 판매 및 유통실태 등,정기,서울특별시 종로구 장사동 56번지 
해웅교역,20111025,유독물 판매 및 유통실태 등,정기,서울특별시 종로구 종로3가 125-2번지 
명서산업(주),20111020,유독물 판매 및 유통실태 등,정기,서울특별시 종로구 와룡동 171-1번지 
우리염색,20111020,배출시설 및 방지시설 정상가동여부,수시,서울특별시 종로구 충신동 188-8번지 
성진상사,20111020,유독물 판매 및 유통실태 등,정기,서울특별시 종로구 장사동 233-11번지 12층 
(주)상신랩텍,20111020,유독물 판매 및 유통실태 등,정기,서울특별시 종로구 장사동 233-18번지 
영진화공약품상사,20111020,,정기,서울특별시 종로구 묘동 157-1번지 1층 
금미사,20110930,운영일지 작성 등,정기,서울특별시 종로구 봉익동 141-1번지 세화빌딩 지하 108호
세화사,20110930,운영일지 작성 등,정기,서울특별시 종로구 봉익동 141-1번지 
깨끗한도금,20110930,운영일지 작성 등,정기,서울특별시 종로구 봉익동 14번지 
대광멕기,20110927,운영일지 적정 작성 여부 등,정기,서울특별시 종로구 봉익동 109번지 성보빌딩 202호 
대성도금,20110927,운영일지 적정 작성 여부 등,정기,서울특별시 종로구 봉익동 82번지 
건후사,20110927,운영일지 적정 작성 여부 등,정기,서울특별시 종로구 봉익동 104번지 
알파색채(주),20110926,배출시설 정상가동 여부 등,정기,서울특별시 종로구 평창동 283-1번지 
홍콩멕기,20110926,운영일지 정상 기록 여부 등,정기,서울특별시 종로구 묘동 33번지 2층 
금성멕기,20110926,운영일지 정상 기록 여부 등,정기,서울특별시 종로구 봉익동 96-2번지 
이화사,20110926,운영일지 정상 기록 여부 등,정기,서울특별시 종로구 봉익동 162번지 태일빌딩 2층 
만금사,20110926,운영일지 정상 기록 여부 등,정기,서울특별시 종로구 봉익동 96-2   번지 2층 
대성도금,20110926,운영일지 정상 기록 여부 등,정기,서울특별시 종로구 봉익동 153번지 
태양멕기,20110926,운영일지 정상 기록 여부 등,정기,서울특별시 종로구 봉익동 163번지 대광빌딩304 
종로멕기,20110926,운영일지 정상 기록 여부 등,정기,서울특별시 종로구 봉익동 154번지 
삼화도금,20110926,운영일지 정상 기록 여부 등,정기,서울특별시 종로구 봉익동 100번지 
태성도금,20110926,운영일지 정상 기록 여부 등,정기,서울특별시 종로구 봉익동 11-14번지 
대성,20110926,배출시설 정상가동 여부 등,정기,서울특별시 종로구 관수동 143-7번지 
삼우특수칠,20110926,배출시설 정상가동 여부 등,정기,서울특별시 종로구 관수동 113-1번지 
서울잔넬코팅,20110926,배출시설 정상가동 여부 등,정기,서울특별시 종로구 관수동 140번지 
광명기획,20110926,배출시설 정상가동 여부 등,정기,서울특별시 종로구 관수동 130-2번지 
종로칠,20110926,배출시설 정상가동 여부 등,정기,서울특별시 종로구 관수동 102-2번지 
두리멕기,20110923,방지시설 운영일지 적정 작성여부 등,정기,서울특별시 종로구 봉익동 116번지 종로빌딩 202호 
한양도금,20110923,방지시설 운영일지 적정 작성여부 등,정기,서울특별시 종로구 봉익동 116번지 
양지사,20110923,방지시설 운영일지 적정 작성여부 등,정기,서울특별시 종로구 봉익동 117-2번지 
나라도금,20110922,방지시설 운영일지 적정 작성여부 등,정기,서울특별시 종로구 봉익동 117-2번지 영동빌딩 308 
청지,20110922,방지시설 운영일지 적정 작성여부 등,정기,서울특별시 종로구 봉익동 118-1번지 
수현도금,20110922,방지시설 운영일지 적정 작성여부 등,정기,서울특별시 종로구 봉익동 117-2번지 영동빌딩 213호
골든벨,20110921,폐수 위탁 적정처리 등,정기,서울특별시 종로구 묘동 38번지 2층 
쁘띠,20110921,폐수 위탁 적정처리 등,정기,서울특별시 종로구 묘동 99-1번지 외 1필지(102-1) 
명성멕기,20110921,폐수 위탁 적정처리 등,정기,서울특별시 종로구 봉익동 38-19번지 
골드파트너,20110921,폐수 위탁 적정처리 등,정기,서울특별시 종로구 봉익동 38-9번지 
다보랑,20110901,기타수질오염원 신고사항 이행여부 등,수시,서울특별시 종로구 봉익동 117-2번지 4층 
(주)지앤오코퍼레이션,20110831,연간 실적보고 적정 여부 등,정기,서울특별시 종로구 신문로1가 163번지 광화문오피시아 505-3호 
토탈싸인성수아트,20110830,폐수 적정처리 여부 등,수시,서울특별시 종로구 관수동 77-1번지 
홍예기획,20110830,폐수 적정처리 여부 등,수시,서울특별시 종로구 관수동 28번지 
금광부식,20110830,폐수 적정처리 여부 등,수시,서울특별시 종로구 관수동 106번지 
국제부식,20110830,폐수 적정처리 여부 등,수시,서울특별시 종로구 관수동 106번지 
예원기획,20110830,폐수 적정처리 여부 등,수시,서울특별시 종로구 관수동 39-2번지 
태영,20110830,폐수 적정처리 여부 등,수시,서울특별시 종로구 관수동 39-3번지 
진양기업사,20110830,폐수 적정처리 여부 등,수시,서울특별시 종로구 관수동 21-9번지 
용마,20110830,폐수 적정처리 여부 등,수시,서울특별시 종로구 관수동 40번지 
현대부식,20110830,폐수 적정처리 여부 등,수시,서울특별시 종로구 관수동 44번지 
대우사,20110830,폐수 적정처리 여부 등,수시,서울특별시 종로구 관수동 55번지 
금호부식,20110830,폐수 적정처리 여부 등,수시,서울특별시 종로구 관수동 75번지 
대일부식,20110829,폐수 적정처리 여부 등,수시,서울특별시 종로구 관수동 141번지 
공간부식,20110829,폐수 적정처리 여부 등,수시,서울특별시 종로구 관수동 140번지 
보라기업,20110829,폐수 적정처리 여부 등,수시,서울특별시 종로구 관수동 140번지 
한국부식,20110829,폐수 적정처리 여부 등,수시,서울특별시 종로구 관수동 139번지 
신미기업,20110829,폐수 적정처리 여부 등,수시,서울특별시 종로구 관수동 134-7번지 
청룡부식,20110829,폐수 적정처리 여부 등,수시,서울특별시 종로구 관수동 132번지 
대진부식,20110829,폐수 적정처리 여부 등,수시,서울특별시 종로구 관수동 130-2번지 
관수부식,20110829,폐수 적정처리 여부 등,수시,서울특별시 종로구 관수동 130-2번지 
일조아트기획,20110829,폐수 적정처리 여부 등,수시,서울특별시 종로구 관수동 130-1번지 
진성기획,20110829,폐수 적정처리 여부 등,수시,서울특별시 종로구 관수동 113-2번지 
토탈사인대광부식,20110829,폐수 적정처리 여부 등,수시,서울특별시 종로구 관수동 113-1번지 
종로공예사,20110829,폐수 적정처리 여부 등,수시,서울특별시 종로구 관수동 79-1번지 
삼성세차장,20110825,폐수배출시설 정상가동 여부 등,정기,서울특별시 종로구 효자동 60-1번지 
홍인산업주식회사,20110811,관리대장 작성 등,정기,서울특별시 종로구 옥인동 47-193번지 지하 
거성케미칼,20110811,유독물 판매 대장 작성 등,정기,서울특별시 종로구 충신동 188-10번지 1층 
미래켐상사(주),20110811,유독물 판매 대장 작성 등,정기,서울특별시 종로구 창신동 327-2번지 금호팔레스빌딩 1503호 
(주)엘케이피앤피,20110811,유독물 판매 대장 작성 등,정기,서울특별시 종로구 연건동 198-2번지 현송빌딩 5층 
범성화학공업사,20110811,유독물 판매 대장 작성 등,정기,서울특별시 종로구 관수동 95번지 2층 
서울중부염색공업협동조합,20110811,유독물 판매 대장 작성 등,정기,서울특별시 종로구 연지동 1-1번지 여전도회관 701호 
대양상사,20110811,유독물 판매 대장 작성 등,정기,서울특별시 종로구 연지동 95-1번지 연금빌딩 101호 
삼풍테크(주),20110811,유독물 판매 대장 작성 등,정기,서울특별시 종로구 이화동 211번지 신한빌딩 301호 
만중테크(주),20110811,유독물 판매 대장 작성 등,정기,서울특별시 종로구 숭인동 1421-1번지 401호 
두리알앤지(주),20110811,유독물 판매 대장 작성 등,정기,서울특별시 종로구 구기동 95-16번지 3층 
광양켐텍,20110811,유독물 판매 대장 작성 등,정기,서울특별시 종로구 숭인동 201-17번지 영동빌딩 4층 
삼성화학상사,20110810,유독물판매 관리대장 작성 등,정기,서울특별시 종로구 장사동 32-1번지 
홍인산업주식회사,20110810,유독물운반 관리대장 작성 등,정기,서울특별시 종로구 옥인동 47-193번지 지하 
홍인산업주식회사,20110810,유독물판매 관리대장 작성 등,정기,서울특별시 종로구 옥인동 47-193번지 지하 
경서과학상사,20110810,유독물판매 관리대장 작성 등,정기,서울특별시 종로구 종로3가 147번지 
부은상사,20110810,유독물판매 관리대장 작성 등,정기,서울특별시 종로구 종로3가 144-1번지 
에이알씨(ARC),20110810,유독물판매 관리대장 작성 등,정기,서울특별시 종로구 장사동 192번지 
성진상사,20110810,유독물판매 관리대장 작성 등,정기,서울특별시 종로구 장사동 233-11번지 12층 
(주)원일상사,20110810,유독물판매 관리대장 작성 등,정기,서울특별시 종로구 장사동 56번지 
(주)상신랩텍,20110810,유독물판매 관리대장 작성 등,정기,서울특별시 종로구 장사동 233-18번지 
해웅교역,20110810,유독물판매 관리대장 작성 등,정기,서울특별시 종로구 종로3가 125-2번지 
(주)서브원,20110809,유독물영업 관리대장 작성등,정기,서울특별시 종로구 신문로2가 92번지 LG광화문빌딩 3층 
(주)지티유인터내셔널,20110809,유독물영업 관리대장 작성등,정기,서울특별시 종로구 신문로1가 163번지 광화문오피시아 505-4호 
(주)에버그린물산,20110809,유독물영업 관리대장 작성등,정기,서울특별시 종로구 적선동 156-0번지 쌍용플래티넘 405호
(주)우전,20110809,유독물영업 관리대장 작성등,정기,서울특별시 종로구 수송동 85번지 서머셋팰리스 301호 
종로재료상사,20110809,유독물영업 관리대장 작성등,정기,서울특별시 종로구 봉익동 29-1번지 1층 
신광종합상사,20110809,유독물영업 관리대장 작성등,정기,서울특별시 종로구 봉익동 15번지 
대진상사,20110809,유독물영업 관리대장 작성등,정기,서울특별시 종로구 묘동 17-1번지 
영진화공약품상사,20110809,유독물영업 관리대장 작성등,정기,서울특별시 종로구 묘동 157-1번지 1층 
남영산업,20110809,유독물영업 관리대장 작성등,정기,서울특별시 종로구 당주동 167-1번지 수진빌딩 510호 
(주)지앤오코퍼레이션,20110808,유독물 영업 관리대장 작성 등,정기,서울특별시 종로구 신문로1가 163번지 광화문오피시아 505-3호 
대정화금(주)종로지점,20110808,유독물 영업 관리대장 작성 등,정기,서울특별시 종로구 와룡동 161번지 (2층) 
명서산업(주),20110808,유독물 영업 관리대장 작성 등,정기,서울특별시 종로구 와룡동 171-1번지 
대림화공약품상사,20110808,유독물 영업 관리대장 작성 등,정기,서울특별시 종로구 와룡동 173번지 1층 
서울대학교 병원,20110714,수질 및 방지시설 관리 적정 여부 등,수시,서울특별시 종로구 연건동 28번지 
중앙염색,20110714,수질 및 방지시설 관리 적정 여부 등,수시,서울특별시 종로구 종로5가 447번지 
서울대학교병원 암센터,20110714,수질 및 방지시설 관리 적정 여부 등,수시,서울특별시 종로구 연건동 28-21번지 
대승사,20110627,폐수 위탁처리 적정여부 등,정기,서울특별시 종로구 봉익동 104번지 썬빌딩 B동 501호 
영석수리,20110627,폐수 위탁처리 적정여부 등,정기,서울특별시 종로구 봉익동 162번지 (지하1층) 
천은사,20110627,폐수 위탁처리 적정여부 등,정기,서울특별시 종로구 봉익동 161-1   번지 골드뱅크 303호 
유광쥬얼리,20110627,폐수 위탁처리 적정여부 등,정기,서울특별시 종로구 봉익동 1-4번지 1층 
(주)두양,20110615,폐수배출시설 및 방지시설 정상 가동 여부 등,정기,서울특별시 종로구 종로6가 240-3번지 
신풍지퍼,20110615,폐수배출시설 및 방지시설 정상 가동 여부 등,정기,서울특별시 종로구 충신동 69-2번지 
종오섬유,20110615,폐수배출시설 및 방지시설 정상 가동 여부 등,정기,서울특별시 종로구 충신동 206-12번지 
대성섬유,20110615,폐수배출시설 및 방지시설 정상 가동 여부 등,정기,서울특별시 종로구 충신동 207-13번지 
우리염색,20110615,폐수배출시설 및 방지시설 정상 가동 여부 등,정기,서울특별시 종로구 충신동 188-8번지 
효제사,20110615,폐수배출시설 및 방지시설 정상 가동 여부 등,정기,서울특별시 종로구 종로6가 238-32번지 
미주염색,20110610,폐수배출시설 및 방지시설 운영여부 등,정기,서울특별시 종로구 종로6가 98-2번지 
신아염색,20110610,폐수배출시설 및 방지시설 운영여부 등,정기,서울특별시 종로구 종로6가 34번지 
중앙염색,20110610,폐수배출시설 및 방지시설 운영여부 등,정기,서울특별시 종로구 종로5가 447번지 
태평양염색,20110610,폐수배출시설 및 방지시설 운영여부 등,정기,서울특별시 종로구 종로5가 444-3번지 1층 
종로염색,20110610,폐수배출시설 및 방지시설 운영여부 등,정기,서울특별시 종로구 효제동 197-1번지 
진영염색,20110610,폐수배출시설 및 방지시설 운영여부 등,정기,서울특별시 종로구 종로6가 33-9번지 
종암염색,20110609,폐수배출시설 및 방지지설 정상 가동 여부 등,정기,서울특별시 종로구 종로5가 471번지 
성신염색,20110609,폐수배출시설 및 방지지설 정상 가동 여부 등,정기,서울특별시 종로구 종로5가 456-2번지 1층 
신광염색,20110609,폐수배출시설 및 방지지설 정상 가동 여부 등,정기,서울특별시 종로구 종로5가 225-19번지 
유진염색,20110609,폐수배출시설 및 방지지설 정상 가동 여부 등,정기,서울특별시 종로구 종로5가 248-2번지 
삼원염색,20110609,폐수배출시설 및 방지지설 정상 가동 여부 등,정기,서울특별시 종로구 종로5가 484번지 
세일염색,20110609,폐수배출시설 및 방지지설 정상 가동 여부 등,정기,서울특별시 종로구 종로5가 460-2번지 
서울대학교병원 암센터,20110527,폐수배출시설 및 방지시설 정상가동 여부,정기,서울특별시 종로구 연건동 28-21번지 
북악주유소,20110506,배출시설 및 방지시설 정상가동 여부 등,정기,서울특별시 종로구 평창동 103-1번지 
종로염색,20110506,배출시설 및 방지시설 정상가동 여부 등,정기,서울특별시 종로구 효제동 197-1번지 
우리염색,20110506,배출시설 및 방지시설 정상가동 여부 등,정기,서울특별시 종로구 충신동 188-8번지 
명경주유소,20110506,배출시설 및 방지시설 정상가동 여부 등,정기,서울특별시 종로구 평창동 80-1번지 
국군서울지구병원,20110506,배출시설 및 방지시설 정상가동 여부 등,정기,서울특별시 종로구 삼청동 25-1번지 
장안기업,20110504,폐수 적정처리 등,정기,서울특별시 종로구 돈의동 1번지 
동광기업,20110504,폐수 적정처리 등,정기,서울특별시 종로구 익선동 166-29번지 
동현실업,20110504,폐수 적정처리 등,정기,서울특별시 종로구 묘동 24-1번지 
창신사,20110504,폐수 적정처리 등,정기,서울특별시 종로구 묘동 78번지 
세진종합상사,20110427,변경신고 사항 이행여부 등,정기,서울특별시 종로구 통의동 35-84번지 영연빌딩 410호 
(주)지앤오코퍼레이션,20110414,유독물관리대장 적정 작성 및 관리,정기,서울특별시 종로구 신문로1가 163번지 광화문오피시아 505-3호 
(주)풍원석유,20110414,유독물관리대장 적정작성 및 관리,정기,서울특별시 종로구 신문로1가 24번지 고려빌딩 411호
(주)공리양행,20110414,유독물관리대장 적정 작성 및 관리,정기,서울특별시 종로구 수송동 80번지 코리안리재보험빌딩 811호 
(주)제이아이유,20110414,유독물관리대장 적정 작성 및 관리,정기,서울특별시 종로구 수송동 58번지 두산위브파빌리온 522호 
에이스인터내셔날,20110412,유독물관리대장 작성 및 관리여부,정기,서울특별시 종로구 내수동 75번지 용비어천가 1303호 
(주)근화씨엔피,20110412,유독물관리대장 작성 및 관리여부,정기,서울특별시 종로구 내수동 75번지 용비어천가 1334호 
(주)인피니씨,20110412,유독물관리대장 작성 및 관리여부,정기,서울특별시 종로구 내수동 75번지 용비어천가 807호 
케이에스비,20110406,유독물관리대장 작성 및 관리여부,정기,서울특별시 종로구 청진동 136번지 삼공빌딩 10층 
(주)유니온켐,20110406,유독물관리대장 작성 및 관리여부,정기,서울특별시 종로구 인사동 194-4번지 하나로빌딩 509호 
주식회사 코프람,20110406,유독물관리대장 작성 및 관리여부,정기,서울특별시 종로구 수송동 58번지 218호
비지무역,20110406,유독물관리대장 작성 및 관리여부,정기,서울특별시 종로구 수송동 58번지 두산위브파빌리온 306호 
영광사,20110311,신고사항 이행여부 등,수시,서울특별시 종로구 묘동 68-1번지 외3필지 3층 302호 
국군서울지구병원,20110113,방지시설 적정 관리 여부,정기,서울특별시 종로구 삼청동 25-1번지 
서울대학교 암연구소,20101228,폐수배출시설 및 방지시설 적정운영 여부 등,정기,서울특별시 종로구 연건동 28번지 
(주)에버그린물산,20101228,관리대장 적정기록 여부 등,정기,서울특별시 종로구 적선동 156-0번지 쌍용플래티넘 405호
주식회사 코프람,20101228,관리대장 적정기록 여부 등,정기,서울특별시 종로구 수송동 58번지 218호
(주)제이아이유,20101227,관리대장 적정기록 여부 등,정기,서울특별시 종로구 수송동 58번지 두산위브파빌리온 522호 
비지무역,20101227,관리대장 적정기록 여부 등,정기,서울특별시 종로구 수송동 58번지 두산위브파빌리온 306호 
서울대학교 암연구소,20101220,폐수배출시설 및 방지시설 적정 운영 등,정기,서울특별시 종로구 연건동 28번지 
우리염색,20101209,방지시설 운영 상태,정기,서울특별시 종로구 충신동 188-8번지 
한국스미토모상사(주),20101119,등록사항 변경신고 이행 여부,정기,서울특별시 종로구 서린동 33번지 영풍빌딩 21층 
대성기획,20101117,방지시설 정상작동 여부 등,정기,서울특별시 종로구 묘동 101번지 
서울잔넬코팅,20100928,대기방지시설 정상 작동 여부 등,정기,서울특별시 종로구 관수동 140번지 
대성,20100928,대기방지시설 정상 작동 여부 및 검사의뢰,정기,서울특별시 종로구 관수동 143-7번지 
종로칠,20100928,대기방지시설 정상 작동 여부 및 검사의뢰,정기,서울특별시 종로구 관수동 102-2번지 
알파색채(주),20100928,대기방지시설 정상 작동 여부 및 검사의뢰,정기,서울특별시 종로구 평창동 283-1번지 
삼우특수칠,20100928,대기방지시설 정상 작동 여부 및 검사의뢰,정기,서울특별시 종로구 관수동 113-1번지 
광명기획,20100928,대기방지시설 정상 작동 여부 등,정기,서울특별시 종로구 관수동 130-2번지 
종로염색,20100909,폐수배출시설 가동상태 확인 및 수질오염도 검사,수시,서울특별시 종로구 효제동 197-1번지 
종오섬유,20100813,폐수방지시설 정상 가동 여부,정기,서울특별시 종로구 충신동 206-12번지 
대성섬유,20100813,폐수방지시설 정상 가동 여부,정기,서울특별시 종로구 충신동 207-13번지 
신풍지퍼,20100813,폐수방지시설 정상 가동 여부,정기,서울특별시 종로구 충신동 69-2번지 
효제사,20100813,폐수방지시설 정상 가동 여부,정기,서울특별시 종로구 종로6가 238-32번지 
(주)두양,20100813,폐수방지시설 정상 가동 여부,정기,서울특별시 종로구 종로6가 240-3번지 
진영염색,20100813,폐수방지시설 정상 가동 여부,정기,서울특별시 종로구 종로6가 33-9번지 
신아염색,20100813,폐수방지시설 정상 가동 여부,정기,서울특별시 종로구 종로6가 34번지 
미주염색,20100813,폐수방지시설 정상 가동 여부,정기,서울특별시 종로구 종로6가 98-2번지 
우리염색,20100813,폐수방지시설 정상 가동 여부,정기,서울특별시 종로구 충신동 188-8번지 
북악주유소,20100723,장마철 대비 방지시설 장상가동 여부,수시,서울특별시 종로구 평창동 103-1번지 
특종주유소,20100723,장마철 배출시설 정상가동 여부,수시,서울특별시 종로구 평창동 198-1번지 
경일석유(주) 세검정주유소,20100723,장마철 방지시설 정상가동 여부,수시,서울특별시 종로구 평창동 157-1번지 
명경주유소,20100723,장마철 대비 방지시설 장상가동 여부,수시,서울특별시 종로구 평창동 80-1번지 
OK카서비스,20100723,장마철 대비 방지시설 장상가동 여부,수시,서울특별시 종로구 평창동 66-32번지 
알파색채 주식회사,20100723,장마철 대비 방지시설 장상가동 여부,수시,서울특별시 종로구 평창동 283-1번지 
번개수리,20100719,폐수배출업소 신고사항 이행여부,정기,서울특별시 종로구 종로3가 36번지 한양타운 303호 
삼원염색,20100609,배출시설 및 방지시설 정상운영 여부,정기,서울특별시 종로구 종로5가 484번지 
성신염색,20100609,배출시설 및 방지시설 정상 운영여부,정기,서울특별시 종로구 종로5가 456-2번지 1층 
세일염색,20100609,배출시설 및 방지시설 정상운영 여부,정기,서울특별시 종로구 종로5가 460-2번지 
중앙염색,20100609,배출시설 및 방지시설 정상운영 여부,정기,서울특별시 종로구 종로5가 447번지 
태평양염색,20100609,배출시설 및 방지시설 정상운영 여부,정기,서울특별시 종로구 종로5가 444-3번지 1층 
신광염색,20100609,배출시설 및 방지시설 정상운영 여부,정기,서울특별시 종로구 종로5가 225-19번지 
유진염색,20100609,배출시설 및 방지시설 정상운영 여부,정기,서울특별시 종로구 종로5가 248-2번지 
종암염색,20100609,배출시설 및 방지시설 정상운영 여부,정기,서울특별시 종로구 종로5가 471번지 
청지,20100603,배출시설 및 방지시설 정상운영 여부,정기,서울특별시 종로구 봉익동 118-1번지 
나라도금,20100603,배출시설 및 방지시설 정상운영 여부,정기,서울특별시 종로구 봉익동 117-2번지 영동빌딩 308 
수현도금,20100603,배출시설 및 방지시설 정상운영 여부,정기,서울특별시 종로구 봉익동 117-2번지 영동빌딩 213호
한양도금,20100603,배출시설 및 방지시설 정상운영 여부,정기,서울특별시 종로구 봉익동 116번지 
대광멕기,20100603,배출시설 및 방지시설 정상운영 여부,정기,서울특별시 종로구 봉익동 109번지 성보빌딩 202호 
양지사,20100603,배출시설 및 방지시설 정상운영 여부,정기,서울특별시 종로구 봉익동 117-2번지 
두리멕기,20100603,배출시설 및 방지시설 정상운영 여부,정기,서울특별시 종로구 봉익동 116번지 종로빌딩 202호 
태성도금,20100603,배출시설 및 방지시설 정상운영 여부,정기,서울특별시 종로구 봉익동 11-14번지 
컴퓨터멕기방,20100603,배출시설 및 방지시설 정상운영 여부,정기,서울특별시 종로구 봉익동 117-2번지 301호 
건후사,20100603,배출시설 및 방지시설 정상운영 여부,정기,서울특별시 종로구 봉익동 104번지 
홍콩멕기,20100524,배출시설 및 방지시설 정상운영 여부,정기,서울특별시 종로구 묘동 33번지 2층 
세화사,20100524,배출시설 및 방지시설 정상운영 여부,정기,서울특별시 종로구 봉익동 141-1번지 
금미사,20100524,배출시설 및 방지시설 정상운영 여부,정기,서울특별시 종로구 봉익동 141-1번지 세화빌딩 지하 108호
종로멕기,20100524,배출시설 및 방지시설 정상운영 여부,정기,서울특별시 종로구 봉익동 154번지 
명성멕기,20100524,배출시설 및 방지시설 정상운영 여부,정기,서울특별시 종로구 봉익동 38-19번지 
골드파트너,20100524,배출시설 및 방지시설 정상운영 여부,정기,서울특별시 종로구 봉익동 38-9번지 
만금사,20100524,배출시설 및 방지시설 정상운영 여부,정기,서울특별시 종로구 봉익동 96-2   번지 2층 
삼화도금,20100524,배출시설 및 방지시설 정상운영 여부,정기,서울특별시 종로구 봉익동 100번지 
쁘띠,20100524,배출시설 및 방지시설 정상운영 여부,정기,서울특별시 종로구 묘동 99-1번지 외 1필지(102-1) 
깨끗한도금,20100524,배출시설 및 방지시설 정상운영 여부,정기,서울특별시 종로구 봉익동 14번지 
선일부식,20100517,배출시설 및 방지시설 정상운영 여부,정기,서울특별시 종로구 봉익동 12-24번지 
대성기획,20100517,배출시설 및 방지시설 정상운영 여부,정기,서울특별시 종로구 묘동 101번지 
태광사,20100517,배출시설 및 방지시설 정상운영 여부,정기,서울특별시 종로구 돈의동 94번지 
희전부식,20100517,배출시설 및 방지시설 정상운영 여부,정기,서울특별시 종로구 돈의동 44-1번지 
바우실업,20100517,배출시설 및 방지시설 정상운영 여부,정기,서울특별시 종로구 돈의동 103-62번지 
동광기업,20100517,배출시설 및 방지시설 정상운영 여부,정기,서울특별시 종로구 익선동 166-29번지 
희전부식,20100517,배출시설 및 방지시설 정상운영 여부,정기,서울특별시 종로구 묘동 88-1번지 
창신사,20100517,배출시설 및 방지시설 정상운영 여부,정기,서울특별시 종로구 묘동 78번지 
제일기획,20100517,배출시설 및 방지시설 정상운영 여부,정기,서울특별시 종로구 묘동 33번지 
덕흥기념사,20100517,배출시설 및 방지시설 정상운영 여부,정기,서울특별시 종로구 묘동 30-1번지 
동현실업,20100517,배출시설 및 방지시설 정상운영 여부,정기,서울특별시 종로구 묘동 24-1번지 
장안기업,20100517,배출시설 및 방지시설 정상운영 여부,정기,서울특별시 종로구 돈의동 1번지 
다래기획,20100517,배출시설 및 방지시설 정상운영 여부,정기,서울특별시 종로구 돈의동 154번지 
세종종합상사,20100517,배출시설 및 방지시설 정상운영 여부,정기,서울특별시 종로구 돈의동 154번지 
대주페트로(주)종로지점 안풍주유소,20100416,배출시설 및 방지시설 정상운영여부,정기,서울특별시 종로구 홍지동 126-1번지 
북악주유소,20100416,배출시설 및 방지시설 정상운영여부,정기,서울특별시 종로구 평창동 103-1번지 
OK카서비스,20100416,배출시설 및 방지시설 정상운영여부,정기,서울특별시 종로구 평창동 66-32번지 
서울대학교 간연구소,20100308,배출시설 및 방지시설 정상여부,정기,서울특별시 종로구 연건동 28번지 (28-2) 
(주)나이벡,20100308,배출시설 및 방지시설 정상여부,정기,서울특별시 종로구 연건동 28-22번지 서울대치과대학 치과생체재료연구동 404호 
서울대학교치과대학 치의학대학원,20100308,배출시설 및 방지시설 정상여부,정기,서울특별시 종로구 연건동 28번지 
우리염색,20100216,배출시설 및 방지시설 정상운영 여부,정기,서울특별시 종로구 충신동 188-8번지 
서울대학교 암연구소,20100215,배출시설 및 방지시설 정상운영 여부,정기,서울특별시 종로구 연건동 28번지 
자하문주유소,20100211,배출시설 및 방지시설 정상운영 여부,정기,서울특별시 종로구 부암동 155-3번지 
명경주유소,20100211,배출시설 및 방지시설 정상운영 여부,정기,서울특별시 종로구 평창동 80-1번지 
세검정셀프세차타운,20100211,배출시설 및 방지시설 정상운영 여부,정기,서울특별시 종로구 부암동 185-1번지 
경일석유(주) 세검정주유소,20100211,배출시설 및 방지시설 정상운영 여부,정기,서울특별시 종로구 평창동 157-1번지 
OK카서비스,20100211,배출시설 및 방지시설 정상운영 여부,정기,서울특별시 종로구 평창동 66-32번지 
북악주유소,20100211,배출시설 및 방지시설 정상운영 여부,정기,서울특별시 종로구 평창동 103-1번지 
대주페트로(주)종로지점 안풍주유소,20100211,배출시설 및 방지시설 정상운영 여부,정기,서울특별시 종로구 홍지동 126-1번지 
특종주유소,20100211,배출시설 및 방지시설 정상운영 여부,정기,서울특별시 종로구 평창동 198-1번지 
